,y,x1,x2,x3,x4,x5,x6,x7,x8,x9,x10
0,Jorg,0.09918,0.96241,0.28164,0.45216,False,Hamstrings,2.97568,0.10148,0.80510,1.17995
1,Bob,0.93758,-2.26322,0.06634,0.27070,True,Ear Lobe,-0.00879,2.68121,-2.91265,-0.16578
2,Atsuto,-0.73046,0.21079,0.06252,0.57472,True,Glutes,0.57982,1.61586,-0.50582,0.74083
3,Jorg,1.36897,0.66830,0.03392,0.20164,False,Hamstrings,2.86258,0.28727,-0.50582,0.74083
4,Atsuto,-5.35123,1.04193,0.18275,0.30115,False,Hamstrings,4.92590,-0.70354,3.89834,1.00836
5,Jorg,-1.88975,-1.79897,0.31942,0.47764,True,Ear Lobe,2.32084,-0.15449,3.89834,1.00836
6,Atsuto,-1.98289,3.64271,0.10294,0.31630,False,Hamstrings,2.44009,0.23581,0.31436,-1.45256
7,Atsuto,-2.85553,0.56130,0.03934,0.27093,False,Glutes,4.58828,4.76263,-0.86283,-0.14447
8,Bob,1.04177,3.05564,-0.07748,0.23247,False,Hamstrings,-3.58869,2.84966,-3.27573,5.24145
9,Jorg,0.33684,-5.27210,-0.09715,0.34762,True,Ear Lobe,6.67478,-0.07019,-3.27573,5.24145
10,Jorg,-2.25394,-0.75363,0.09204,0.49248,True,Ear Lobe,-0.62426,-3.09208,-3.27573,5.24145
11,Jorg,1.73513,-0.80346,-0.02837,0.42647,True,Ear Lobe,2.37177,0.53837,-3.27573,5.24145
12,Atsuto,0.81792,2.74701,-0.03025,0.42627,False,Hamstrings,-0.24902,3.86814,-1.98234,2.27773
13,Atsuto,-3.46533,-0.92580,0.19912,0.22414,True,Ear Lobe,1.39972,-2.03123,-1.87168,1.49867
14,Bob,0.38164,-1.98496,0.01691,0.25454,True,Ear Lobe,0.38999,0.80303,-1.97905,0.72774
15,Jorg,-0.52723,2.02669,0.10137,0.37256,False,Hamstrings,2.76472,-0.93978,-1.97905,0.72774
16,Bob,1.77222,-1.62448,-0.02238,0.11362,True,Ear Lobe,-0.98596,3.36343,-0.63918,1.56079
17,Bob,4.94605,-3.17218,-0.06595,0.30363,True,Ear Lobe,1.61322,0.32611,-0.94459,0.68182
18,Jorg,-3.62268,-0.99959,0.00570,0.23304,True,Ear Lobe,-0.61043,-1.53980,-0.94459,0.68182
19,Atsuto,1.11046,0.97327,0.17115,0.43317,False,Hamstrings,4.39833,2.74880,1.31808,-0.12155
20,Bob,-0.20185,-1.24997,0.24236,0.50566,True,Ear Lobe,-0.43864,1.43772,-2.03584,-0.22331
21,Bob,1.89298,1.39441,0.21058,0.21078,False,Hamstrings,-2.82647,2.73854,-1.56411,1.79871
22,Atsuto,-0.59912,2.93194,0.23448,0.26210,False,Hamstrings,5.13179,1.75982,4.28902,2.88373
23,Atsuto,-3.14929,4.23456,-0.04667,0.56519,False,Hamstrings,1.56358,5.58896,2.50360,1.70667
24,Atsuto,2.00077,-0.29463,0.05453,0.27894,True,Ear Lobe,6.46936,3.72943,5.00706,2.38393
25,Jorg,-1.25926,2.02851,0.19233,0.35029,False,Hamstrings,-0.79992,1.70537,5.00706,2.38393
26,Bob,-0.39057,-1.18901,0.09191,0.20550,True,Ear Lobe,0.52850,-0.40849,-2.65326,2.03341
27,Jorg,-0.87648,-0.08460,0.05806,0.32262,True,Ear Lobe,0.57917,3.11094,-2.65326,2.03341
28,Atsuto,-2.18868,-0.54082,0.04426,0.37670,True,Ear Lobe,0.20125,-0.20651,2.23704,0.28496
29,Atsuto,-2.77455,-2.34074,-0.00766,0.58064,True,Ear Lobe,3.28184,2.85443,1.54981,-0.30992
30,Jorg,-1.99773,-0.81159,0.22115,0.54519,True,Ear Lobe,2.73182,-1.88459,1.54981,-0.30992
31,Bob,-0.80972,-3.16494,0.12604,0.16379,True,Ear Lobe,-1.78778,1.60141,-2.58874,0.64578
32,Atsuto,-2.63281,1.48057,0.04535,0.38204,False,Hamstrings,1.19146,3.23087,-1.86804,3.37569
33,Bob,0.74436,-0.06649,-0.08649,0.19902,True,Ear Lobe,-0.41050,3.21475,-3.15354,-0.07783
34,Atsuto,-2.42896,0.12585,0.13993,0.25897,True,Pectorials,-0.70280,0.97308,3.18330,-0.15023
35,Atsuto,-0.45175,3.11135,0.08729,0.39646,False,Hamstrings,-1.16856,3.04426,-0.05066,0.36274
36,Bob,-3.77993,0.77605,0.05673,0.38465,False,Hamstrings,-0.94877,4.83454,-1.83125,-1.32873
37,Jorg,-1.11216,1.53458,0.06131,0.52339,False,Hamstrings,1.81710,2.11462,-1.83125,-1.32873
38,Jorg,1.58967,2.00632,0.07225,0.57943,False,Hamstrings,-1.48395,-0.86327,-1.83125,-1.32873
39,Bob,0.89710,5.14712,0.29390,0.59187,False,Hamstrings,0.03609,1.02702,-1.12449,2.97507
40,Atsuto,-0.31592,-0.54231,0.00993,0.35915,True,Ear Lobe,0.36890,1.39281,1.00228,0.58138
41,Atsuto,-0.27997,-2.00768,-0.01456,0.51240,True,Ear Lobe,2.91255,1.25104,3.46468,0.69132
42,Jorg,2.79048,-0.88351,-0.08496,0.29157,True,Ear Lobe,2.20921,1.90430,3.46468,0.69132
43,Atsuto,1.83221,-0.85579,0.13707,0.22140,True,Ear Lobe,0.10214,1.70570,-2.40193,1.48795
44,Atsuto,-0.79405,-0.19934,0.03839,0.59260,True,Tongue,4.11451,2.93351,1.62043,0.07553
45,Bob,-1.29766,-5.07020,0.10261,0.09702,True,Ear Lobe,2.80277,3.51934,-3.21995,-0.55882
46,Jorg,-1.95698,2.03981,-0.05188,0.44574,False,Hamstrings,-2.43655,1.31089,-3.21995,-0.55882
47,Atsuto,0.56636,1.53445,0.13865,0.20181,False,Hamstrings,-0.11616,6.19303,1.73288,1.12131
48,Atsuto,-4.56765,-1.95410,0.24041,0.31120,True,Ear Lobe,1.86662,1.10097,4.50915,2.14551
49,Jorg,-2.47097,-0.39494,0.13867,0.76250,True,Pectorials,-0.37499,0.39406,4.50915,2.14551
50,Bob,0.78975,2.58122,0.16092,0.53738,False,Hamstrings,-0.65751,2.56610,-3.45714,-3.18185
51,Bob,-4.37705,-3.14637,0.30744,0.34668,True,Ear Lobe,3.04572,3.69623,-1.12379,2.82114
52,Jorg,-1.36105,0.62575,0.08213,0.51181,False,Hamstrings,3.64172,3.44374,-1.12379,2.82114
53,Jorg,3.09998,1.70542,0.01427,0.22747,False,Hamstrings,-0.26654,-1.21792,-1.12379,2.82114
54,Jorg,-2.06085,1.26384,0.07313,0.39745,False,Hamstrings,1.58673,-2.19331,-1.12379,2.82114
55,Jorg,-1.62152,-1.48910,-0.04233,0.33653,True,Ear Lobe,3.03575,2.34582,-1.12379,2.82114
56,Bob,1.06220,-1.34999,0.39578,0.40776,True,Ear Lobe,-2.15656,4.80367,-2.36674,1.59932
57,Bob,-0.32135,-2.26746,0.17114,0.49650,True,Ear Lobe,-2.81511,1.85675,-3.71620,0.54566
58,Atsuto,-1.12610,2.56429,0.11102,0.55576,False,Hamstrings,2.08433,-1.80492,3.28491,0.00752
59,Atsuto,-2.95738,-1.37958,0.08932,0.33532,True,Ear Lobe,4.31698,2.71895,-0.79242,1.96126
60,Jorg,-0.20916,-1.95141,-0.07003,0.57582,True,Ear Lobe,-0.63322,0.47132,-0.79242,1.96126
61,Atsuto,0.81961,-0.59178,0.17349,0.20007,True,Ear Lobe,-0.34253,2.85190,-2.91286,-0.49724
62,Bob,-3.61889,1.15451,0.08778,0.27191,False,Hamstrings,-2.68689,3.10466,-1.82280,2.71753
63,Atsuto,0.37456,-2.83079,0.00315,0.59485,True,Ear Lobe,3.68384,1.30669,1.23740,0.14627
64,Bob,-1.02165,2.60441,0.32287,0.31581,False,Hamstrings,0.82841,5.07353,-3.87320,-0.73814
65,Bob,-2.12848,1.46446,0.02886,0.25189,False,Hamstrings,-5.43728,3.79643,-1.76731,1.22052
66,Bob,-3.53144,2.43480,0.14870,0.27070,False,Hamstrings,0.60801,4.41676,-2.48011,0.57843
67,Jorg,-2.17769,-3.36567,0.05416,0.34241,True,Ear Lobe,4.12095,2.84434,-2.48011,0.57843
68,Bob,2.40815,0.55879,0.29416,0.48240,False,Hamstrings,-1.69575,2.14905,-2.22924,1.56027
69,Atsuto,-0.32127,1.12907,0.07609,0.44105,False,Hamstrings,6.22310,1.41168,-1.58836,-0.03081
70,Jorg,-0.73016,-0.80381,-0.06561,0.51611,True,Ear Lobe,1.24468,4.46303,-1.58836,-0.03081
71,Atsuto,2.72405,0.02464,0.09959,0.43519,True,Pectorials,0.35665,2.67052,0.94540,1.11752
72,Jorg,0.84626,-0.05864,0.05046,0.40967,True,Tongue,2.88718,3.27857,0.94540,1.11752
73,Atsuto,1.50016,2.51641,0.03707,0.52929,False,Hamstrings,2.43992,0.82437,4.21709,2.08970
74,Bob,-1.01639,2.78263,0.35856,0.43199,False,Hamstrings,2.56299,1.92123,-1.09026,1.75143
75,Atsuto,-0.53856,2.25270,0.16850,0.19980,False,Hamstrings,3.85361,2.52048,1.74097,1.26649
76,Bob,0.58461,-0.39618,0.25641,0.26525,True,Ear Lobe,-0.26042,2.94869,-2.36374,0.32859
77,Jorg,2.27746,-0.60848,-0.02918,0.20555,True,Ear Lobe,3.31499,3.79143,-2.36374,0.32859
78,Atsuto,-0.52766,0.14149,0.07921,0.65172,True,Glutes,4.64783,6.20431,3.57664,1.42455
79,Jorg,-0.62733,-2.10677,0.31449,0.51874,True,Ear Lobe,2.11415,0.11699,3.57664,1.42455
80,Jorg,-1.29842,1.36954,0.13580,0.70474,False,Hamstrings,-2.27595,-0.14380,3.57664,1.42455
81,Jorg,1.42977,2.21444,0.11465,0.55268,False,Hamstrings,1.46087,4.00320,3.57664,1.42455
82,Jorg,2.19625,1.06220,0.26469,0.46597,False,Hamstrings,-1.27522,3.60747,3.57664,1.42455
83,Bob,-0.46900,-1.08625,0.18869,0.21029,True,Ear Lobe,-0.03174,2.98383,-0.96287,-0.43750
84,Bob,0.17065,-1.63478,0.33146,0.39745,True,Ear Lobe,-2.34379,3.54909,-3.43005,1.02121
85,Bob,-0.99599,2.02548,0.12976,0.23785,False,Hamstrings,0.97091,2.16360,-2.14005,2.35828
86,Jorg,0.37692,0.32660,0.19846,0.53333,True,Hamstrings,3.24110,-2.45083,-2.14005,2.35828
87,Jorg,1.34436,2.59267,-0.17461,0.47370,False,Hamstrings,1.31375,-2.35324,-2.14005,2.35828
88,Jorg,3.15879,-4.46435,0.09988,0.34275,True,Ear Lobe,2.11406,0.51272,-2.14005,2.35828
89,Jorg,0.63909,0.79884,0.02125,0.61139,False,Hamstrings,1.71260,-1.30592,-2.14005,2.35828
90,Jorg,1.73918,-0.00823,-0.01731,0.25854,True,Ear Lobe,0.99828,0.52172,-2.14005,2.35828
91,Atsuto,-0.60017,-1.12828,-0.03046,0.44339,True,Ear Lobe,3.45989,0.24714,0.28228,-0.34714
92,Jorg,-0.24877,1.18103,0.25258,0.42609,False,Hamstrings,3.13429,-2.52897,0.28228,-0.34714
93,Bob,-3.36050,2.54483,0.26873,0.36729,False,Hamstrings,-0.65855,1.97470,-3.29746,1.48969
94,Jorg,0.10954,0.81249,-0.13788,0.47572,False,Hamstrings,1.28258,-1.76046,-3.29746,1.48969
95,Bob,-0.06422,-0.27798,0.32224,0.39464,True,Tongue,-0.13342,3.38850,-2.84269,0.80736
96,Atsuto,0.53423,2.65970,0.10452,0.45696,False,Hamstrings,2.52206,3.32277,-1.06914,0.61441
97,Jorg,-3.12183,-0.89845,-0.06393,0.54486,True,Ear Lobe,-0.18550,1.13098,-1.06914,0.61441
98,Atsuto,0.68202,-1.40268,0.04117,0.40743,True,Ear Lobe,2.93531,0.16843,2.37164,1.39030
99,Atsuto,-0.95109,-3.03666,0.12370,0.36425,True,Ear Lobe,-3.02844,5.68279,2.48209,1.70925
100,Jorg,1.19583,-2.24379,-0.07245,0.27761,True,Ear Lobe,3.20291,0.57291,2.48209,1.70925
101,Bob,2.32078,-1.65797,0.22104,0.45604,True,Ear Lobe,-1.68612,3.28019,-0.69583,2.88245
102,Atsuto,1.93174,-1.26969,0.10106,0.58047,True,Ear Lobe,1.03204,1.23355,-0.90081,2.80575
103,Atsuto,-1.64464,0.21649,0.00313,0.47753,True,Deltoids,1.28369,1.54565,4.54094,1.23852
104,Atsuto,-1.04844,1.20884,0.23492,0.32290,False,Hamstrings,1.37279,2.74884,-1.70934,1.17443
105,Atsuto,-1.74396,3.10777,0.11834,0.48780,False,Hamstrings,1.65637,0.58450,1.54086,1.20456
106,Jorg,0.83712,1.51389,-0.11086,0.40884,False,Hamstrings,8.69314,2.41750,1.54086,1.20456
107,Atsuto,-0.03156,2.16916,0.06342,0.40336,False,Hamstrings,2.16293,0.49979,0.69701,1.34528
108,Bob,-2.25271,-0.08227,0.25500,0.55688,True,Trapeziums,0.04060,4.43161,-2.40438,1.18829
109,Jorg,-1.65679,-1.25051,0.29622,0.43491,True,Ear Lobe,1.90447,0.76027,-2.40438,1.18829
110,Jorg,-1.06207,-0.40684,0.25536,0.67981,True,Pectorials,0.58314,-2.86104,-2.40438,1.18829
111,Jorg,1.65384,-1.96015,-0.19584,0.48696,True,Ear Lobe,-1.81746,1.00035,-2.40438,1.18829
112,Atsuto,2.13940,-2.76548,-0.02195,0.57788,True,Ear Lobe,-0.83971,1.36102,1.62238,0.19031
113,Bob,2.00535,1.12983,0.25449,0.43786,False,Hamstrings,-0.52365,1.30453,-2.35134,0.70834
114,Jorg,-1.00178,0.35652,-0.20287,0.46601,True,Deltoids,3.54915,1.08693,-2.35134,0.70834
115,Bob,-3.04839,3.07969,-0.02716,0.33417,False,Hamstrings,-0.69811,4.64809,-2.43187,3.59601
116,Atsuto,0.09730,-0.71471,-0.04405,0.55816,True,Ear Lobe,1.72436,-0.98357,2.86852,3.55063
117,Jorg,0.79907,-1.20945,0.33973,0.59313,True,Ear Lobe,2.66515,2.66248,2.86852,3.55063
118,Jorg,-0.11301,-1.85353,0.15588,0.44725,True,Ear Lobe,1.70697,-0.27984,2.86852,3.55063
119,Atsuto,-0.49251,2.08638,0.19666,0.42970,False,Hamstrings,-0.80466,3.48345,2.14553,2.55294
120,Bob,2.50005,0.41096,0.13571,0.48495,True,Hamstrings,1.74894,3.79406,-1.78386,0.28673
121,Atsuto,0.14119,0.71623,0.11826,0.11528,False,Hamstrings,2.57563,-0.23687,0.97255,1.66842
122,Jorg,1.48205,-2.36855,-0.06742,0.51462,True,Ear Lobe,3.50571,-1.94824,0.97255,1.66842
123,Jorg,-1.68514,-0.02796,0.09092,0.56827,True,Deltoids,4.67950,-3.08495,0.97255,1.66842
124,Bob,1.23802,2.12464,0.18888,0.42624,False,Hamstrings,1.93274,1.84391,-0.76891,2.19708
125,Atsuto,-1.91588,0.94578,0.15212,0.25382,False,Hamstrings,-1.62415,3.07386,1.86965,0.20397
126,Atsuto,-1.53856,5.43534,0.14209,0.56088,False,Hamstrings,4.03825,4.49338,-1.42560,-0.19548
127,Atsuto,1.25641,-0.86729,-0.00056,0.37552,True,Ear Lobe,5.60662,2.03321,-0.93934,-0.88437
128,Jorg,-1.95401,0.13238,0.24048,0.49167,True,Glutes,3.55446,2.32663,-0.93934,-0.88437
129,Bob,1.96213,-1.08496,0.19408,0.38352,True,Ear Lobe,-2.44535,4.09557,-2.97948,0.73565
130,Atsuto,-2.60873,2.34265,-0.04128,0.43987,False,Hamstrings,-0.76577,0.42150,1.95052,0.47607
131,Jorg,-0.41155,-2.52162,-0.21939,0.45474,True,Ear Lobe,1.96075,0.19199,1.95052,0.47607
132,Atsuto,-0.26558,-0.03248,-0.04326,0.45795,True,Ear Lobe,2.46349,2.11896,3.18297,-0.06017
133,Bob,-1.38521,-0.74558,0.09115,0.42366,True,Ear Lobe,-0.70997,1.83956,-1.65495,0.56024
134,Bob,-0.68502,-2.21359,0.12602,0.21928,True,Ear Lobe,2.25801,1.38436,-1.50895,2.08268
135,Bob,-2.58307,2.84926,0.39981,0.45114,False,Hamstrings,0.58000,3.76193,-2.57203,-1.36020
136,Jorg,0.24730,-0.20834,0.02341,0.47678,True,Ear Lobe,3.47426,-3.66497,-2.57203,-1.36020
137,Atsuto,1.96657,-1.16885,0.17784,0.44926,True,Ear Lobe,-0.10963,-1.41277,1.07097,0.85459
138,Atsuto,-0.34945,4.19370,0.12227,0.59947,False,Hamstrings,0.95090,0.37764,3.19918,1.51186
139,Bob,2.55001,1.25939,-0.11094,0.29649,False,Hamstrings,1.37285,-0.48010,-0.70975,-0.83829
140,Bob,1.51293,0.19946,0.25308,0.40489,True,Glutes,1.59319,-0.90714,-2.60606,4.22841
141,Bob,-0.20675,-0.89098,0.14396,0.37296,True,Ear Lobe,0.45471,0.21659,-1.45583,0.14971
142,Jorg,3.55525,0.14291,0.13011,0.40947,True,Deltoids,5.20260,0.78311,-1.45583,0.14971
143,Jorg,0.46355,-0.93790,0.14881,0.48899,True,Ear Lobe,0.71196,-3.38678,-1.45583,0.14971
144,Jorg,0.60050,-0.56063,-0.00201,0.53476,True,Ear Lobe,1.60189,1.64994,-1.45583,0.14971
145,Atsuto,0.93959,2.52757,0.09580,0.36286,False,Hamstrings,2.98425,3.39631,1.17423,1.58950
146,Atsuto,1.53038,2.81334,0.03386,0.60772,False,Hamstrings,2.10421,0.61437,2.36616,1.08034
147,Bob,-1.75908,-1.39959,0.19880,0.36285,True,Ear Lobe,2.66938,1.52291,-2.86867,0.11796
148,Bob,2.55622,-5.79613,0.02844,0.13275,True,Ear Lobe,-1.61002,2.34521,-1.29246,1.27311
149,Bob,2.45003,-0.91295,0.10033,0.49946,True,Ear Lobe,-1.42605,3.39196,-0.95311,-1.25269
150,Jorg,-0.98423,1.17670,-0.11076,0.39818,False,Hamstrings,-0.86067,0.18437,-0.95311,-1.25269
151,Jorg,3.82857,0.33694,-0.11770,0.54951,True,Trapeziums,-0.94930,-0.60797,-0.95311,-1.25269
152,Atsuto,2.96529,-0.51841,-0.02257,0.52026,True,Ear Lobe,5.20332,1.31544,2.94690,2.97314
153,Jorg,1.05521,0.88145,0.01426,0.59714,False,Hamstrings,3.25935,1.83264,2.94690,2.97314
154,Atsuto,4.17835,2.88140,0.13289,0.32520,False,Hamstrings,-0.72068,0.77910,-1.26447,2.27314
155,Jorg,-0.75189,2.23455,0.12216,0.53341,False,Hamstrings,2.78718,1.99606,-1.26447,2.27314
156,Bob,-1.57650,-3.84413,0.17254,0.32934,True,Ear Lobe,0.83927,2.13307,-2.34707,-1.62698
157,Jorg,3.56301,-0.54087,0.33898,0.53400,True,Ear Lobe,6.15667,2.20434,-2.34707,-1.62698
158,Jorg,-0.76242,-0.29005,0.30903,0.64361,True,Deltoids,2.80920,-4.23685,-2.34707,-1.62698
159,Jorg,-1.94888,3.02553,0.00961,0.63465,False,Hamstrings,3.55174,2.31441,-2.34707,-1.62698
160,Atsuto,-0.01333,-0.00940,0.02603,0.40931,True,Tongue,3.49818,0.30787,3.45982,1.83503
161,Atsuto,0.81625,1.22181,0.20652,0.25542,False,Hamstrings,3.15640,3.35454,0.98952,-0.51088
162,Bob,0.28871,-0.17277,0.22533,0.54588,True,Pectorials,-2.95700,1.42119,-0.62671,1.99555
163,Jorg,3.21814,-0.24382,-0.20282,0.45637,True,Ear Lobe,5.05045,-0.53638,-0.62671,1.99555
164,Atsuto,-0.53223,-1.43649,0.05597,0.27754,True,Ear Lobe,-0.87897,5.56393,4.36629,0.69933
165,Jorg,0.88750,3.39257,0.17007,0.52704,False,Hamstrings,2.15389,2.64841,4.36629,0.69933
166,Jorg,-1.70337,3.39091,-0.02413,0.43574,False,Hamstrings,-1.31714,3.65519,4.36629,0.69933
167,Bob,0.00357,-1.23917,-0.09076,0.22882,True,Ear Lobe,1.78943,-0.07069,-0.82324,1.88357
168,Bob,1.95011,-3.52303,0.21875,0.37700,True,Ear Lobe,4.38916,0.59829,-1.06753,1.25288
169,Atsuto,-0.07889,-0.53937,0.24644,0.28632,True,Ear Lobe,1.79793,3.76313,0.77246,1.00202
170,Jorg,-1.23719,0.30373,0.02351,0.20630,False,Pectorials,1.97516,1.28762,0.77246,1.00202
171,Jorg,-0.64183,-5.35386,0.02332,0.33999,True,Ear Lobe,2.82486,0.66412,0.77246,1.00202
172,Atsuto,-1.03687,-4.33624,0.08716,0.17259,True,Ear Lobe,5.07393,1.55660,2.71888,1.79757
173,Jorg,-1.17090,3.52430,0.16304,0.60831,False,Hamstrings,3.90947,2.79170,2.71888,1.79757
174,Jorg,2.23258,-1.41194,0.21300,0.40230,True,Ear Lobe,5.72644,0.26396,2.71888,1.79757
175,Jorg,-1.58241,3.03540,0.29056,0.47454,False,Hamstrings,5.73965,-0.96626,2.71888,1.79757
176,Atsuto,2.24148,-0.13020,0.01146,0.47554,True,Ear Lobe,2.03329,2.86229,1.18594,-0.01975
177,Atsuto,1.02226,-1.90449,0.13988,0.35027,True,Ear Lobe,-1.12051,-1.80411,-1.26059,-0.67293
178,Atsuto,3.81291,-0.94141,0.13144,0.19963,True,Ear Lobe,1.67890,4.55333,2.67034,2.39918
179,Jorg,5.72544,-4.27415,-0.02040,0.27978,True,Ear Lobe,3.87037,-0.87462,2.67034,2.39918
180,Bob,-0.03502,0.36697,0.25044,0.43821,True,Hamstrings,-3.23898,2.30761,-0.60435,-1.66900
181,Jorg,0.95786,0.90727,0.02443,0.34827,False,Hamstrings,1.89409,0.52122,-0.60435,-1.66900
182,Jorg,-1.43339,-0.20945,0.10792,0.70460,True,Deltoids,0.95184,2.81850,-0.60435,-1.66900
183,Jorg,0.41773,0.52517,-0.08969,0.29385,False,Trapeziums,2.22269,-1.93709,-0.60435,-1.66900
184,Atsuto,2.02077,-3.35569,0.13392,0.24433,True,Ear Lobe,-0.50601,2.50251,3.21203,0.30489
185,Bob,3.66873,-1.37067,0.09432,0.14832,True,Ear Lobe,-0.00268,0.13972,-1.41546,1.37044
186,Atsuto,-0.96225,0.37852,0.01233,0.52636,True,Hamstrings,-0.01428,0.55125,2.78757,1.00080
187,Jorg,0.45300,-0.75754,0.28168,0.60714,True,Ear Lobe,3.56541,-0.05787,2.78757,1.00080
188,Atsuto,-3.23186,-0.28039,0.17001,0.33713,True,Ear Lobe,1.56767,-0.16431,2.08980,1.06644
189,Atsuto,0.56883,-1.84795,0.14348,0.51716,True,Ear Lobe,1.31412,4.34397,-2.16211,1.75124
190,Jorg,1.41109,-0.70507,0.33224,0.59242,True,Ear Lobe,5.47758,-1.98210,-2.16211,1.75124
191,Bob,1.48531,-1.23440,0.13288,0.34256,True,Ear Lobe,2.04768,3.19338,-2.21817,1.43889
192,Atsuto,0.12993,2.76563,0.01708,0.54294,False,Hamstrings,3.44093,3.54109,1.10711,2.28022
193,Bob,-0.12750,1.79562,0.11900,0.38845,False,Hamstrings,-0.09353,-1.75509,-2.48254,0.01879
194,Atsuto,0.77953,-2.23831,0.13357,0.17530,True,Ear Lobe,6.45158,3.37188,0.97542,2.51557
195,Atsuto,-1.81337,0.99938,0.15759,0.52062,False,Hamstrings,0.25468,6.33264,1.25936,0.31820
196,Jorg,3.45383,-5.75834,-0.07360,0.53896,True,Ear Lobe,3.05310,-1.96647,1.25936,0.31820
197,Atsuto,-1.03899,1.95368,0.06340,0.32195,False,Hamstrings,2.88673,4.91920,1.88388,2.05926
198,Jorg,2.03126,2.07535,-0.17407,0.47833,False,Hamstrings,4.29395,1.65487,1.88388,2.05926
199,Bob,-0.47238,3.65216,0.41555,0.38428,False,Hamstrings,-0.29436,-0.39075,-2.17425,2.10091
200,Bob,0.41895,-1.01053,0.28401,0.45979,True,Ear Lobe,1.92468,-3.79456,-1.46212,0.07374
201,Bob,1.20618,-1.74867,0.23167,0.52155,True,Ear Lobe,-3.51484,0.56903,-2.87017,-0.27417
202,Bob,4.65169,-0.58314,-0.09946,0.23096,True,Ear Lobe,0.06324,0.55170,-2.83595,3.21891
203,Atsuto,-3.58749,-0.66854,0.06124,0.38630,True,Ear Lobe,1.05780,5.61179,3.65510,1.32447
204,Atsuto,3.89690,-1.92712,0.00351,0.48661,True,Ear Lobe,1.00531,4.29995,-3.68620,0.92868
205,Bob,-0.04039,-2.43131,0.08524,0.32186,True,Ear Lobe,-2.42544,1.38481,-3.09148,1.35335
206,Atsuto,0.28369,-3.06151,0.09407,0.51555,True,Ear Lobe,1.73788,-3.15422,2.55859,1.36685
207,Atsuto,3.32945,2.34382,0.14169,0.25680,False,Hamstrings,-0.43441,1.22641,2.27286,-0.93429
208,Bob,2.75117,-1.96963,0.36333,0.38077,True,Ear Lobe,0.32105,3.14566,-2.23975,-1.40992
209,Atsuto,-0.45073,-1.81611,0.10770,0.33911,True,Ear Lobe,2.08194,-0.36895,0.35530,0.93349
210,Atsuto,-3.79815,0.44021,0.18074,0.40957,False,Hamstrings,2.88512,2.36504,0.43342,0.71384
211,Atsuto,0.57174,-2.27891,0.14847,0.30940,True,Ear Lobe,0.29989,3.63928,0.52743,2.46931
212,Jorg,-0.87762,2.92320,-0.10926,0.40890,False,Hamstrings,-0.34686,-1.43323,0.52743,2.46931
213,Jorg,0.59753,0.43788,0.06296,0.53857,True,Hamstrings,2.18239,-0.51316,0.52743,2.46931
214,Bob,0.03495,-2.62127,0.08788,0.38103,True,Ear Lobe,3.37049,4.96702,-1.92904,2.88394
215,Atsuto,1.10294,1.36146,0.06223,0.57960,False,Hamstrings,2.60026,-3.94871,0.12404,0.98759
216,Bob,0.06010,-1.19553,0.17340,0.33455,True,Ear Lobe,2.99901,-0.71029,-1.58834,1.75123
217,Atsuto,-1.30027,-1.33041,0.16562,0.42077,True,Ear Lobe,1.15987,3.21634,-2.89470,1.14908
218,Atsuto,-2.18875,1.45599,0.11400,0.37431,False,Hamstrings,0.34664,5.40447,2.44606,2.82399
219,Bob,1.37022,0.70849,0.22755,0.39894,False,Hamstrings,1.12765,0.80398,-4.37580,1.53025
220,Bob,0.98479,0.63431,0.32296,0.58617,False,Hamstrings,1.72448,4.61943,-1.39757,0.75170
221,Atsuto,-1.20025,1.01986,0.12867,0.56067,False,Hamstrings,-0.36691,1.90647,0.02076,1.03075
222,Atsuto,0.45792,-2.02984,0.08722,0.17371,True,Ear Lobe,1.82807,4.02169,3.13601,1.28973
223,Atsuto,1.69267,-2.53084,0.05507,0.36143,True,Ear Lobe,2.40606,0.50192,0.62468,1.79703
224,Bob,-0.00663,-0.72812,0.13954,0.19256,True,Ear Lobe,-2.23748,2.89181,-2.23418,1.19338
225,Jorg,-2.39142,2.74637,0.02096,0.32509,False,Hamstrings,1.64175,-0.37180,-2.23418,1.19338
226,Jorg,-1.43911,-0.33766,-0.15349,0.40525,True,Ear Lobe,1.48994,-0.58255,-2.23418,1.19338
227,Jorg,1.11773,1.81651,0.37052,0.51558,False,Hamstrings,0.79233,-0.86326,-2.23418,1.19338
228,Atsuto,3.15737,-2.85613,0.16389,0.39611,True,Ear Lobe,4.32743,0.23694,4.38627,0.74641
229,Atsuto,2.07504,-0.36253,0.10607,0.40258,True,Ear Lobe,4.22186,1.57093,6.22121,0.82361
230,Jorg,-0.55824,0.81817,-0.11617,0.35923,False,Hamstrings,-2.15103,-0.56923,6.22121,0.82361
231,Bob,0.90374,-3.03416,0.23141,0.52288,True,Ear Lobe,4.16584,0.89497,-1.11164,0.92882
232,Atsuto,-0.16512,0.47969,0.11309,0.60832,True,Hamstrings,2.61253,3.48059,2.67284,1.38542
233,Atsuto,-2.54178,-2.53732,0.15240,0.35628,True,Ear Lobe,1.18824,-0.83425,1.27622,1.78643
234,Bob,-2.10765,-1.01748,0.10466,0.41309,True,Ear Lobe,6.01303,1.29413,-1.19722,1.35227
235,Bob,3.23662,-4.99765,0.25327,0.48608,True,Ear Lobe,3.08356,2.62577,-2.98258,1.12369
236,Jorg,0.35801,1.40960,0.21798,0.51611,False,Hamstrings,1.88848,1.03667,-2.98258,1.12369
237,Bob,0.64205,-2.41994,0.22823,0.47584,True,Ear Lobe,2.48930,0.94901,-3.98598,0.03025
238,Bob,1.21283,-0.59198,0.11898,0.41087,True,Ear Lobe,-1.53448,2.13667,-1.84296,1.11322
239,Jorg,-1.79035,2.16673,-0.08806,0.50245,False,Hamstrings,3.41103,-2.00836,-1.84296,1.11322
240,Atsuto,-1.02758,-0.45456,0.03681,0.49508,True,Ear Lobe,3.26782,4.57975,0.15921,-0.79855
241,Bob,0.92584,-2.14381,0.25930,0.52957,True,Ear Lobe,0.22896,1.26120,-2.66058,0.26055
242,Bob,3.45900,-0.98267,0.38824,0.49356,True,Ear Lobe,0.77041,0.53429,-1.46814,-0.93605
243,Jorg,0.66789,2.21291,-0.15382,0.41011,False,Hamstrings,3.64726,-1.75191,-1.46814,-0.93605
244,Bob,1.61310,-0.92354,0.27465,0.35156,True,Ear Lobe,-3.51234,1.92409,-2.42515,2.32612
245,Bob,-0.38657,-2.16805,0.14209,0.27204,True,Ear Lobe,-3.16337,0.01349,-1.27796,2.50550
246,Bob,3.32154,-0.76376,-0.05158,0.14302,True,Ear Lobe,-3.22549,0.50428,-1.84409,-1.30302
247,Atsuto,-2.01197,1.16352,0.16957,0.19044,False,Hamstrings,1.65100,3.57590,-1.62340,1.52870
248,Jorg,1.41369,-0.52095,0.33922,0.58159,True,Ear Lobe,1.02459,-0.80288,-1.62340,1.52870
249,Atsuto,2.10294,1.73837,0.07428,0.53935,False,Hamstrings,0.05397,0.54503,5.29353,2.30773
250,Atsuto,-0.71208,2.01576,0.05054,0.42761,False,Hamstrings,2.20522,1.62319,-1.76077,1.02141
251,Bob,2.48358,1.91673,-0.13922,0.28433,False,Hamstrings,-0.96965,0.54707,-2.35113,-0.64304
252,Jorg,-1.04706,3.15771,0.09885,0.34822,False,Hamstrings,3.05411,3.62822,-2.35113,-0.64304
253,Atsuto,-1.42780,-0.06773,-0.02542,0.40558,True,Ear Lobe,1.14108,1.65619,1.02994,-0.01558
254,Bob,-4.07521,5.66996,0.22357,0.26861,False,Hamstrings,3.89672,-0.89091,-1.20965,0.81955
255,Bob,-3.07101,0.02347,0.28190,0.36077,True,Deltoids,-1.06153,2.81942,-2.59860,1.29427
256,Bob,-0.30353,-0.12904,0.36218,0.43554,True,Deltoids,-1.42141,1.46799,-1.49569,2.23329
257,Atsuto,2.80897,-3.14831,0.00374,0.38630,True,Ear Lobe,0.87331,2.92844,2.29766,0.40135
258,Jorg,-0.64872,-3.17125,0.01913,0.34502,True,Ear Lobe,0.79711,-1.85577,2.29766,0.40135
259,Atsuto,0.46856,0.94260,0.09822,0.41494,False,Hamstrings,3.11124,-0.44398,1.37876,-0.91049
260,Bob,0.91248,-2.81879,0.01418,0.20953,True,Ear Lobe,-3.36929,-0.27550,-2.13204,2.35323
261,Atsuto,1.89969,-4.18450,-0.00705,0.52148,True,Ear Lobe,-1.11627,1.83391,0.04325,0.41118
262,Jorg,1.59703,1.05204,0.06639,0.62022,False,Hamstrings,3.46310,0.51711,0.04325,0.41118
263,Jorg,-2.13941,-0.81844,-0.07461,0.30744,True,Ear Lobe,4.18745,-1.19848,0.04325,0.41118
264,Jorg,-1.21099,0.74839,-0.05956,0.52615,False,Hamstrings,2.74211,2.75080,0.04325,0.41118
265,Atsuto,1.95726,2.71974,0.23187,0.37524,False,Hamstrings,4.76538,0.76524,1.53239,-0.52862
266,Atsuto,-3.68303,2.29443,0.21048,0.36974,False,Hamstrings,4.55619,2.22720,0.21500,0.23659
267,Jorg,1.11244,-0.92713,0.06256,0.67167,True,Ear Lobe,3.04366,0.05944,0.21500,0.23659
268,Atsuto,2.34974,0.44440,-0.03907,0.57052,True,Hamstrings,-0.56099,4.95133,-1.55029,0.51064
269,Bob,-2.78968,0.32273,0.26496,0.57457,True,Hamstrings,-2.83093,3.31091,0.01383,0.19895
270,Jorg,0.95830,-3.63523,0.01081,0.36664,True,Ear Lobe,4.20302,-0.60622,0.01383,0.19895
271,Jorg,-0.40354,0.41812,0.24493,0.41830,True,Hamstrings,1.05387,1.66358,0.01383,0.19895
272,Atsuto,2.64979,-0.80578,0.25178,0.31142,True,Ear Lobe,-1.10801,1.65671,1.20173,1.71825
273,Bob,0.89608,-2.88953,0.08338,0.44222,True,Ear Lobe,-1.34178,5.92524,-2.00690,2.22912
274,Bob,-2.40390,0.08552,0.13702,0.33234,True,Pectorials,3.52303,3.04306,-0.89109,1.69563
275,Jorg,-0.47959,3.81295,-0.11325,0.29730,False,Hamstrings,-0.50142,-1.89309,-0.89109,1.69563
276,Bob,0.78421,0.14957,0.08619,0.21313,True,Tongue,2.69697,4.30147,-1.75140,-0.18885
277,Jorg,-2.59285,-1.96142,0.21734,0.62574,True,Ear Lobe,1.62400,-0.16527,-1.75140,-0.18885
278,Atsuto,-1.94643,-0.20598,0.11598,0.26004,True,Ear Lobe,2.68477,2.87207,2.76785,0.18453
279,Jorg,-0.20758,0.64054,-0.00275,0.38297,False,Hamstrings,1.04631,-2.77577,2.76785,0.18453
280,Jorg,-0.11636,0.16558,0.02840,0.58829,True,Trapeziums,-1.49734,-2.71111,2.76785,0.18453
281,Jorg,-1.73155,0.72412,-0.00941,0.34125,False,Hamstrings,1.15364,1.11187,2.76785,0.18453
282,Atsuto,-2.40195,1.02656,0.03672,0.59687,False,Hamstrings,2.23031,3.92519,2.56656,2.06312
283,Bob,1.15763,1.27777,-0.05402,0.31897,False,Hamstrings,0.68160,2.10838,-1.92656,0.12713
284,Bob,1.06140,0.22133,0.18906,0.48458,True,Glutes,-2.27759,1.77867,-2.36128,2.05531
285,Bob,-1.79641,-1.41847,-0.01890,0.16934,True,Ear Lobe,-0.92124,1.98591,-2.23150,0.86466
286,Bob,-0.82928,2.25875,0.29740,0.41212,False,Hamstrings,3.53470,1.03706,-1.28999,3.10628
287,Atsuto,0.66281,-0.22333,0.15438,0.31754,True,Ear Lobe,-0.58395,4.64465,1.30448,-0.65979
288,Atsuto,0.00551,-0.70649,0.09774,0.42200,True,Ear Lobe,2.79745,1.09117,2.21150,-0.52905
289,Jorg,1.87409,-1.03043,0.19060,0.37097,True,Ear Lobe,5.33084,-0.83005,2.21150,-0.52905
290,Atsuto,2.61768,1.80987,0.24009,0.33782,False,Hamstrings,0.46930,0.12710,0.11721,2.76150
291,Atsuto,-1.58522,5.47521,0.12897,0.25827,False,Hamstrings,6.33772,1.27357,-2.08446,-0.29164
292,Atsuto,-0.68192,2.08285,-0.02030,0.52633,False,Hamstrings,4.64432,1.48333,4.51411,1.44253
293,Jorg,3.16691,2.56976,0.24980,0.41566,False,Hamstrings,-0.51077,-0.10794,4.51411,1.44253
294,Bob,2.39584,2.54791,0.19727,0.48326,False,Hamstrings,0.19175,3.60682,-0.56809,3.02936
295,Jorg,0.26665,-0.01624,0.04272,0.54047,True,Pectorials,-0.90064,-0.55972,-0.56809,3.02936
296,Atsuto,0.12584,-1.55171,0.01830,0.39260,True,Ear Lobe,1.35606,4.57747,-2.09685,0.42827
297,Bob,-0.60251,1.74979,-0.01837,0.28455,False,Hamstrings,-2.92997,3.63621,-4.15975,1.53081
298,Atsuto,0.40974,-0.42918,-0.01431,0.52528,True,Ear Lobe,0.37575,1.12894,2.37442,0.82121
299,Atsuto,0.58158,-0.16507,0.12500,0.46043,True,Tongue,1.64497,4.08829,2.84687,-0.42358
300,Jorg,0.90189,-0.50948,0.26688,0.73691,True,Tongue,-1.20354,2.04134,2.84687,-0.42358
301,Atsuto,-1.18495,-1.33862,0.14129,0.38873,True,Ear Lobe,4.28369,2.12486,-1.85335,1.38893
302,Jorg,1.26026,0.86530,0.23477,0.72545,False,Hamstrings,0.91329,-3.50548,-1.85335,1.38893
303,Atsuto,-0.42374,-1.12392,0.18363,0.39653,True,Ear Lobe,-1.38080,0.18200,2.57215,0.20649
304,Atsuto,1.60045,2.74549,0.18352,0.49146,False,Hamstrings,2.02466,3.62693,1.41881,0.62598
305,Bob,-0.81246,-0.42942,0.22454,0.47593,True,Ear Lobe,2.26822,3.97400,-1.52777,-0.11548
306,Bob,-0.95654,1.24994,0.18641,0.53867,False,Hamstrings,0.29700,0.98536,-2.80842,-1.06948
307,Jorg,-0.02955,1.90116,0.02340,0.48883,False,Hamstrings,4.84152,0.78914,-2.80842,-1.06948
308,Jorg,1.06255,-2.70357,-0.12849,0.48152,True,Ear Lobe,1.25350,0.78346,-2.80842,-1.06948
309,Jorg,0.55441,2.17419,0.26039,0.73343,False,Hamstrings,5.12577,4.70493,-2.80842,-1.06948
310,Atsuto,1.08646,0.76276,0.20963,0.31549,False,Hamstrings,3.61391,9.32080,-0.33928,2.44261
311,Jorg,-0.57840,-2.09185,0.18671,0.39942,True,Ear Lobe,1.76220,-1.21641,-0.33928,2.44261
312,Bob,2.21481,0.75857,0.08541,0.35397,False,Hamstrings,-0.96743,2.77436,-3.55792,1.09211
313,Atsuto,-1.49794,0.87550,0.11335,0.24831,False,Hamstrings,4.67054,0.20251,-2.60091,1.19997
314,Bob,-0.34671,-0.08770,0.27576,0.31557,True,Pectorials,2.30237,4.10895,-1.03610,-1.01731
315,Jorg,-0.96185,4.93732,0.18866,0.82620,False,Hamstrings,-2.84443,1.55958,-1.03610,-1.01731
316,Atsuto,3.16065,1.35610,0.09708,0.53461,False,Hamstrings,-1.06125,1.17614,-0.09316,-0.48265
317,Bob,0.56584,2.34512,0.34773,0.44238,False,Hamstrings,1.21769,2.78278,-2.77054,2.61978
318,Bob,-0.33181,0.56467,0.12165,0.12150,False,Glutes,1.74761,1.62135,-0.99151,-0.17602
319,Atsuto,-3.67162,1.79757,0.10237,0.63267,False,Hamstrings,0.96716,-1.78557,2.40569,1.58771
320,Bob,1.26383,1.40220,0.30368,0.40545,False,Hamstrings,3.31545,-0.61875,-3.44064,0.78078
321,Bob,-0.51366,0.25912,0.14181,0.32655,True,Trapeziums,-0.12380,3.49580,-2.53680,0.45397
322,Atsuto,-0.14497,1.65188,0.03673,0.62150,False,Hamstrings,2.53168,-0.41037,3.07332,1.10826
323,Atsuto,-1.99665,-0.85783,0.06013,0.26553,True,Ear Lobe,2.31108,1.04604,1.73283,2.35695
324,Jorg,1.88276,2.14909,0.16224,0.45192,False,Hamstrings,0.44835,0.89781,1.73283,2.35695
325,Jorg,0.32431,-0.63384,-0.15067,0.37566,True,Ear Lobe,-0.84725,1.93575,1.73283,2.35695
326,Jorg,0.72959,1.90507,0.18059,0.76208,False,Hamstrings,2.08967,2.48689,1.73283,2.35695
327,Atsuto,-0.26298,-1.48525,0.18905,0.37384,True,Ear Lobe,-0.90515,0.86744,-1.50630,0.06907
328,Bob,2.59951,2.24818,-0.00665,0.18541,False,Hamstrings,-0.69284,1.38397,-3.08408,0.73783
329,Atsuto,-0.09105,1.02525,0.13315,0.27908,False,Hamstrings,6.36290,2.27953,2.77275,0.01674
330,Jorg,2.03192,-2.61413,0.20529,0.76079,True,Ear Lobe,1.94608,-4.98641,2.77275,0.01674
331,Bob,-0.90442,1.12240,0.09940,0.46011,False,Hamstrings,-1.11296,-0.15648,-2.42112,-0.20874
332,Jorg,3.20396,-2.65670,-0.08511,0.38354,True,Ear Lobe,0.55666,-0.07772,-2.42112,-0.20874
333,Jorg,0.10887,0.27033,-0.08119,0.31074,True,Tongue,5.21356,-0.02509,-2.42112,-0.20874
334,Atsuto,-2.29053,-1.25154,0.08430,0.57029,True,Ear Lobe,4.03345,-0.93040,2.31766,0.45720
335,Bob,1.75956,0.74820,0.36378,0.53153,False,Hamstrings,-3.92188,4.89657,-3.05812,0.11740
336,Bob,0.32049,0.20165,0.10857,0.34694,True,Deltoids,-1.68590,3.92738,-2.03496,-0.21834
337,Jorg,-0.25203,-3.44778,0.07748,0.45914,True,Ear Lobe,3.62799,2.41363,-2.03496,-0.21834
338,Bob,-0.79517,-5.67288,0.02211,0.21142,True,Ear Lobe,4.33347,-2.45999,-0.78364,1.30128
339,Atsuto,-0.18307,-1.00510,0.08476,0.59998,True,Ear Lobe,4.59992,2.01938,-2.83251,1.23377
340,Jorg,1.70021,-0.36287,-0.01352,0.42713,True,Ear Lobe,-2.17280,-2.17798,-2.83251,1.23377
341,Atsuto,-3.49703,2.38561,0.10992,0.33705,False,Hamstrings,-0.28775,4.93834,-0.35998,0.47165
342,Jorg,1.00818,0.36066,-0.03663,0.31195,False,Deltoids,-2.12431,-1.65677,-0.35998,0.47165
343,Jorg,-1.37566,-0.20555,0.21421,0.37244,True,Ear Lobe,2.35061,-3.70321,-0.35998,0.47165
344,Atsuto,-1.66215,-0.08396,0.16354,0.48401,True,Pectorials,3.36641,3.99920,1.76468,-0.22393
345,Atsuto,-0.68349,-1.85941,0.08490,0.40743,True,Ear Lobe,1.99230,5.16327,3.73272,2.78871
346,Bob,0.39165,0.28392,-0.03363,0.35409,True,Deltoids,-0.37652,-2.06282,-2.24923,1.58998
347,Bob,-2.00658,-1.81712,-0.13352,0.27733,True,Ear Lobe,-0.85051,0.42657,1.44224,1.95643
348,Atsuto,-2.78132,1.26314,0.15375,0.34546,False,Hamstrings,3.65143,5.43883,5.27828,2.14154
349,Jorg,-0.36410,1.33743,0.09440,0.25457,False,Hamstrings,4.03543,1.58687,5.27828,2.14154
350,Jorg,-2.02630,-2.66944,-0.10471,0.53822,True,Ear Lobe,1.19345,0.83472,5.27828,2.14154
351,Bob,2.96474,-0.31292,0.01818,0.41393,True,Ear Lobe,-1.80879,2.93018,-1.57916,1.16037
352,Atsuto,0.98889,0.23925,0.06204,0.65289,True,Hamstrings,2.11460,1.90694,3.37830,0.89662
353,Atsuto,-1.94940,-0.59257,0.09708,0.54238,True,Ear Lobe,-0.33485,5.20915,1.47704,1.24931
354,Jorg,3.41515,0.59357,0.19953,0.65188,True,Hamstrings,4.16084,-2.20723,1.47704,1.24931
355,Jorg,-4.85349,-1.88969,-0.14681,0.36422,True,Ear Lobe,0.30902,0.73811,1.47704,1.24931
356,Atsuto,2.67715,-0.90487,0.15856,0.27777,True,Ear Lobe,-0.89262,0.75022,-0.33212,1.20245
357,Bob,-0.72981,0.31384,0.29996,0.64891,True,Hamstrings,-3.68373,-2.61731,-2.04423,-0.29881
358,Bob,-0.80950,2.30707,0.14204,0.53324,False,Hamstrings,-0.02572,3.61434,-3.54264,0.98852
359,Bob,-0.12876,2.03727,-0.00054,0.24055,False,Hamstrings,-3.71940,2.22252,-3.71042,1.95911
360,Jorg,-3.04049,-1.11052,-0.11440,0.51667,True,Ear Lobe,3.21836,-0.81220,-3.71042,1.95911
361,Bob,-0.05072,4.71180,0.19762,0.20229,False,Hamstrings,-0.97165,1.24342,-2.41907,-1.16182
362,Bob,-1.55891,-0.06191,-0.00408,0.26473,True,Ear Lobe,0.74182,1.60193,-0.56388,0.81846
363,Bob,-0.89081,0.67154,0.22217,0.55876,False,Hamstrings,-3.59895,1.47281,-1.56093,2.76189
364,Jorg,0.76299,0.08572,0.22074,0.69082,True,Hamstrings,3.76596,-0.26000,-1.56093,2.76189
365,Bob,0.48833,-0.38373,-0.04656,0.22803,True,Ear Lobe,0.12312,0.66117,-0.29776,-0.81623
366,Bob,0.44612,-1.86585,0.21088,0.46841,True,Ear Lobe,-2.38239,3.59979,-1.79766,1.72657
367,Bob,-2.09176,1.98776,0.04585,0.32874,False,Hamstrings,-1.76727,-0.00135,-2.98261,0.98380
368,Bob,2.20064,-2.68714,0.00135,0.17894,True,Ear Lobe,-1.86498,2.78446,-4.84195,1.12866
369,Jorg,0.72806,-0.16202,0.15678,0.34425,True,Ear Lobe,6.26417,2.73148,-4.84195,1.12866
370,Bob,-1.23249,1.00687,-0.00253,0.09295,False,Hamstrings,-1.22349,2.25842,-2.81695,0.44033
371,Atsuto,0.47471,1.52424,0.01164,0.34659,False,Hamstrings,1.32383,-0.70438,2.83850,1.38949
372,Jorg,-0.36196,-3.26343,0.13108,0.47579,True,Ear Lobe,0.19545,-0.29638,2.83850,1.38949
373,Bob,-0.23585,-2.07421,0.14394,0.51047,True,Ear Lobe,-1.12581,3.16157,-2.39261,0.11595
374,Bob,-2.10712,1.88181,-0.00729,0.12938,False,Hamstrings,-0.39657,1.31260,-1.51852,0.46793
375,Atsuto,0.50769,2.58607,0.04201,0.38221,False,Hamstrings,0.50397,4.76044,2.43060,0.53993
376,Bob,1.24509,-0.56715,0.26743,0.63769,True,Ear Lobe,1.39042,2.02480,-2.12254,-0.67175
377,Atsuto,0.37998,1.08544,0.12668,0.33567,False,Hamstrings,2.14760,2.01609,3.56760,2.04247
378,Jorg,1.07272,1.76044,0.03768,0.59167,False,Hamstrings,2.05091,0.28959,3.56760,2.04247
379,Bob,-4.63625,-0.34030,0.04512,0.25761,True,Ear Lobe,1.69447,-0.48289,-1.42911,3.87386
380,Jorg,0.17109,-4.92454,0.00489,0.29000,True,Ear Lobe,1.65154,-1.29081,-1.42911,3.87386
381,Atsuto,-0.13222,0.43963,0.17236,0.47065,True,Hamstrings,3.11271,1.14367,-1.05598,1.60752
382,Atsuto,-1.04546,-0.75216,-0.04999,0.48301,True,Ear Lobe,1.90356,1.70707,2.26433,1.05722
383,Atsuto,0.46737,2.05560,0.11850,0.50749,False,Hamstrings,1.95856,3.06096,2.09901,-0.26208
384,Bob,-1.29982,2.07007,0.27928,0.63636,False,Hamstrings,1.97407,1.35905,-1.99097,0.87643
385,Atsuto,0.39183,-0.11279,0.06440,0.64081,True,Pectorials,2.98812,0.60354,2.98313,1.78033
386,Bob,0.12844,-0.40509,0.21876,0.25879,True,Ear Lobe,0.53764,0.66736,-1.71338,-0.63721
387,Bob,-0.42165,2.56261,0.38572,0.38100,False,Hamstrings,0.48138,3.34338,-3.09785,0.52219
388,Jorg,-3.18319,2.99779,-0.07552,0.18228,False,Hamstrings,3.79210,2.06711,-3.09785,0.52219
389,Atsuto,0.85096,1.19232,0.01531,0.38416,False,Hamstrings,1.81326,2.08366,2.18821,2.41950
390,Bob,-2.25889,5.77376,0.00741,0.18570,False,Hamstrings,2.28861,2.42342,-2.72519,-0.26848
391,Atsuto,0.83232,-1.22182,0.20498,0.29360,True,Ear Lobe,0.99208,-1.29769,-3.35921,1.58744
392,Jorg,-2.43289,0.76667,0.09132,0.56082,False,Hamstrings,5.88653,6.12369,-3.35921,1.58744
393,Atsuto,-2.80643,5.30518,0.22286,0.24089,False,Hamstrings,-0.85430,2.29422,2.09341,2.58197
394,Jorg,1.51053,0.20326,0.15263,0.38044,True,Trapeziums,4.35304,1.70012,2.09341,2.58197
395,Atsuto,-1.02642,1.61315,0.03398,0.47501,False,Hamstrings,3.04881,0.72730,-3.47728,3.54692
396,Atsuto,-0.45204,-3.03115,0.05139,0.55051,True,Ear Lobe,-0.90883,4.22790,-1.68379,1.38859
397,Jorg,1.11841,-1.00362,0.18496,0.74622,True,Ear Lobe,0.71452,-1.99821,-1.68379,1.38859
398,Jorg,-0.17726,0.77007,-0.06939,0.14252,False,Glutes,1.60295,-0.80080,-1.68379,1.38859
399,Jorg,-3.44877,0.56742,0.12396,0.33205,False,Hamstrings,2.40896,0.68457,-1.68379,1.38859
400,Atsuto,-3.45979,0.60723,0.15229,0.44413,False,Hamstrings,0.89236,0.63937,1.39499,0.25843
401,Jorg,3.33178,-5.03546,-0.01759,0.58997,True,Ear Lobe,1.53107,1.16075,1.39499,0.25843
402,Atsuto,3.89730,0.69656,0.14955,0.31476,False,Hamstrings,-1.66305,0.27374,-2.49276,0.98378
403,Jorg,3.79149,2.91159,0.23563,0.73603,False,Hamstrings,1.68588,1.08164,-2.49276,0.98378
404,Jorg,-1.50220,-0.27012,0.08815,0.25153,True,Ear Lobe,-1.49321,-0.96953,-2.49276,0.98378
405,Bob,-1.27792,-0.67066,0.10952,0.45028,True,Ear Lobe,0.94599,4.54048,-0.69427,-0.16160
406,Atsuto,3.99247,1.00627,0.10233,0.46265,False,Hamstrings,-0.45888,1.08803,1.64245,-0.34244
407,Bob,1.14159,-0.06875,0.21894,0.60506,True,Trapeziums,-0.02775,2.06858,-1.25959,-1.83167
408,Jorg,2.31375,1.37814,-0.04583,0.30350,False,Hamstrings,-1.23183,-0.50065,-1.25959,-1.83167
409,Bob,-1.52512,1.28881,0.04325,0.16138,False,Hamstrings,-0.39165,1.85050,-2.83183,1.17405
410,Bob,2.87204,0.38648,0.03769,0.29368,False,Trapeziums,-0.47985,2.13955,-3.69449,-0.94898
411,Jorg,1.59870,-2.58325,0.12495,0.60102,True,Ear Lobe,2.86119,1.19341,-3.69449,-0.94898
412,Bob,0.48007,-0.93065,-0.03818,0.26919,True,Ear Lobe,-0.70721,-4.08633,-3.51329,0.35506
413,Atsuto,1.14356,-2.73286,0.06179,0.32370,True,Ear Lobe,-0.13461,1.25283,2.01996,0.43269
414,Jorg,-0.27464,3.16348,0.35155,0.50358,False,Hamstrings,1.02629,1.17979,2.01996,0.43269
415,Jorg,-1.74231,-0.60701,0.01563,0.43352,True,Ear Lobe,3.00380,-0.99917,2.01996,0.43269
416,Bob,0.24204,1.04844,0.31975,0.39451,False,Hamstrings,-0.26198,5.63630,-2.00674,1.04949
417,Bob,-1.11950,1.61435,0.00409,0.12700,False,Hamstrings,-2.12540,3.02845,-2.70551,1.79194
418,Atsuto,-0.36529,1.78628,-0.01735,0.50881,False,Hamstrings,3.37033,2.49901,1.51496,0.46904
419,Bob,-0.66484,-2.88663,0.23564,0.24256,True,Ear Lobe,-1.81021,1.62311,-1.70257,1.28381
420,Bob,0.28986,-0.02638,0.35889,0.48192,True,Glutes,-1.06918,3.05678,0.97727,4.29080
421,Bob,-0.56003,3.29847,0.15901,0.14273,False,Hamstrings,-0.01784,3.82070,-2.36686,0.09543
422,Bob,-1.47320,0.57829,-0.10180,0.21200,False,Deltoids,2.07194,0.61394,-1.13222,0.19051
423,Bob,1.65114,-0.29532,0.04226,0.19857,True,Ear Lobe,1.97535,0.46853,0.55346,0.94918
424,Bob,-3.61735,0.24834,0.04506,0.43891,True,Trapeziums,-3.27170,0.35653,-1.72868,0.77383
425,Atsuto,0.06168,-1.52188,0.12138,0.23243,True,Ear Lobe,0.65223,1.34618,1.39938,-0.18787
426,Bob,-1.00313,-1.14452,0.05330,0.05995,True,Ear Lobe,0.95218,6.40560,-2.83010,2.44698
427,Atsuto,0.15360,-0.61849,0.09065,0.67158,True,Ear Lobe,3.26854,-0.04069,2.72500,1.46127
428,Atsuto,0.96210,0.72546,0.06362,0.47471,False,Hamstrings,1.91193,0.38730,4.07899,1.62870
429,Bob,-0.09399,-1.73558,0.40390,0.41644,True,Ear Lobe,-1.13457,2.46926,-1.76761,1.60146
430,Bob,2.58302,2.29711,0.19926,0.31764,False,Hamstrings,-1.87719,4.54398,-2.24589,0.68423
431,Jorg,1.54952,-3.25347,0.20157,0.53297,True,Ear Lobe,3.90855,-0.04165,-2.24589,0.68423
432,Bob,0.43202,-1.80743,-0.00184,0.17293,True,Ear Lobe,2.09242,4.25821,-1.20853,2.17428
433,Bob,1.93562,1.21160,-0.03269,0.35234,False,Hamstrings,-1.26609,3.21794,-0.41700,-0.36717
434,Bob,-1.64616,2.02152,0.20367,0.44589,False,Hamstrings,-0.76895,0.08613,-2.29333,0.20977
435,Bob,-2.40664,1.36100,-0.03501,0.35881,False,Hamstrings,0.43337,1.36570,-1.94128,-1.09817
436,Jorg,-1.50526,-1.18133,-0.15089,0.31320,True,Ear Lobe,3.87157,-4.21041,-1.94128,-1.09817
437,Jorg,-2.52717,1.39364,0.14260,0.52750,False,Hamstrings,4.60074,-3.13743,-1.94128,-1.09817
438,Atsuto,0.31517,-1.97658,0.10828,0.31398,True,Ear Lobe,1.49392,3.45904,-2.93707,1.76342
439,Bob,-1.60054,-1.01356,-0.00732,0.37356,True,Ear Lobe,0.50610,2.00035,-2.50141,2.25033
440,Bob,0.27202,-2.32219,-0.07546,0.31250,True,Ear Lobe,2.09130,4.99864,-2.07541,3.41626
441,Jorg,-3.40938,5.24952,0.02112,0.33787,False,Hamstrings,3.39525,1.49387,-2.07541,3.41626
442,Bob,0.05626,1.21431,-0.01939,0.23470,False,Hamstrings,-0.51600,4.75204,-1.53414,1.87462
443,Jorg,1.58746,0.72926,0.05023,0.28200,False,Hamstrings,0.10237,-4.15872,-1.53414,1.87462
444,Jorg,-0.23990,1.64296,-0.13948,0.50426,False,Hamstrings,3.17401,3.10537,-1.53414,1.87462
445,Atsuto,0.73644,0.33704,0.17551,0.35762,True,Glutes,4.14252,2.38526,0.35951,-0.12280
446,Jorg,-1.67139,2.46661,0.10580,0.55916,False,Hamstrings,3.43766,0.07816,0.35951,-0.12280
447,Jorg,1.28342,-0.64412,0.03449,0.23041,True,Ear Lobe,1.22603,2.33955,0.35951,-0.12280
448,Bob,-2.77971,6.33082,0.25986,0.42176,False,Hamstrings,1.58077,0.46850,-3.59256,0.50206
449,Bob,3.96851,0.51349,-0.11115,0.23712,False,Deltoids,-2.60376,0.46564,-1.08071,0.29759
450,Atsuto,1.97913,0.04700,-0.07589,0.50061,True,Tongue,5.22255,-0.15319,-2.32239,0.94205
451,Bob,2.06519,0.17422,0.17639,0.30936,True,Deltoids,-2.97155,1.23828,-0.79565,4.36576
452,Bob,-2.47206,0.57143,0.00667,0.11138,False,Deltoids,1.18169,4.28185,-2.59250,-1.12258
453,Atsuto,0.45200,0.60681,0.07867,0.47539,False,Hamstrings,0.91848,2.08342,1.28475,0.73774
454,Jorg,-1.55845,0.45432,0.21299,0.61895,True,Hamstrings,3.85575,1.74285,1.28475,0.73774
455,Atsuto,-0.20746,-0.44665,0.21866,0.27911,True,Ear Lobes,3.95892,-0.15544,2.07383,0.73830
456,Bob,-2.60141,1.07510,0.24937,0.53826,False,Hamstrings,2.96464,1.95654,-0.86243,0.03261
457,Jorg,-2.25445,2.85409,0.35537,0.50371,False,Hamstrings,1.92505,-1.98927,-0.86243,0.03261
458,Bob,0.08042,-2.91833,0.18676,0.45308,True,Ear Lobe,1.49782,-1.00153,-1.98605,3.07675
459,Jorg,-2.48241,-2.14581,-0.17658,0.37091,True,Ear Lobe,1.13676,-0.93495,-1.98605,3.07675
460,Atsuto,-2.61129,-0.93364,0.23307,0.26879,True,Ear Lobe,0.15107,-1.61265,-0.23334,1.01629
461,Jorg,2.43044,-3.17309,0.04118,0.50755,True,Ear Lobe,-0.08255,-2.85085,-0.23334,1.01629
462,Bob,0.69072,2.67627,-0.07895,0.30219,False,Hamstrings,-1.99192,3.46651,-1.75049,1.97778
463,Atsuto,-0.36609,0.76969,0.08269,0.51216,False,Hamstrings,4.03143,0.76970,5.10818,0.40728
464,Jorg,1.74501,-1.59014,-0.01839,0.42071,True,Ear Lobe,3.80639,1.05631,5.10818,0.40728
465,Bob,-0.66355,2.69520,0.01038,0.28343,False,Hamstrings,2.02037,1.40065,-1.93207,2.14990
466,Atsuto,-0.67962,-2.84171,0.12471,0.22837,True,Ear Lobe,3.65902,3.07042,4.11739,1.53687
467,Atsuto,0.16756,1.41555,0.17303,0.49777,False,Hamstrings,-0.48248,2.39233,4.92553,3.99828
468,Jorg,-4.22427,2.37539,-0.00462,0.55600,False,Hamstrings,2.01273,-2.28131,4.92553,3.99828
469,Jorg,-1.37080,1.28465,0.06793,0.23719,False,Hamstrings,2.71089,1.33244,4.92553,3.99828
470,Jorg,-3.87536,-0.49321,0.05415,0.54199,True,Ear Lobe,3.80672,0.64747,4.92553,3.99828
471,Atsuto,0.77760,1.56533,0.10312,0.19420,False,Hamstrings,1.99700,5.81987,1.26727,0.18803
472,Jorg,1.08288,3.15699,0.29382,0.52531,False,Hamstrings,2.95080,-3.01263,1.26727,0.18803
473,Jorg,3.54929,-1.27504,0.26766,0.70030,True,Ear Lobe,-0.54851,-1.70166,1.26727,0.18803
474,Bob,-1.29962,-3.93488,0.23108,0.50336,True,Ear Lobe,-0.32781,1.73092,-3.42844,1.36834
475,Atsuto,-3.66479,3.25693,0.20197,0.42228,False,Hamstrings,4.60297,3.02763,1.96847,-0.57749
476,Jorg,1.21313,-0.34166,0.15583,0.63414,True,Tongue,2.69918,-3.19706,1.96847,-0.57749
477,Bob,-0.85781,0.17446,0.13037,0.24679,True,Pectorials,0.13007,-0.29002,-0.59155,1.35021
478,Jorg,-0.54422,2.49645,0.21987,0.83735,False,Hamstrings,3.36205,4.39681,-0.59155,1.35021
479,Jorg,1.75499,0.43234,0.18652,0.80233,True,Hamstrings,1.74516,-2.37774,-0.59155,1.35021
480,Bob,-0.91053,-2.06413,0.08171,0.37559,True,Ear Lobe,0.68394,2.24640,-1.78382,1.49119
481,Bob,3.05894,-2.63984,0.15515,0.15494,True,Ear Lobe,0.28491,3.36054,-1.54201,1.40630
482,Atsuto,-3.01426,-0.17715,0.02097,0.37951,True,Ear Lobe,1.08252,0.67644,1.60366,2.69296
483,Bob,0.32959,1.94132,0.08902,0.40652,False,Hamstrings,-1.86196,3.21630,-1.96634,-0.36914
484,Atsuto,4.29587,-0.31883,0.16474,0.46150,True,Ear Lobe,0.82706,1.60181,3.43833,0.63088
485,Bob,0.14750,-3.45848,-0.01489,0.20067,True,Ear Lobe,2.28882,0.47539,-3.64366,2.83083
486,Bob,0.64981,-0.70250,0.22799,0.51994,True,Ear Lobe,-1.12555,0.49183,-1.72878,1.38266
487,Atsuto,-0.04351,-2.74648,0.13345,0.57745,True,Ear Lobe,0.69782,2.27302,0.73838,1.23287
488,Bob,-3.66945,-1.23745,0.24980,0.44862,True,Ear Lobe,-0.34051,-0.05425,-3.04919,2.42596
489,Atsuto,-1.16813,-0.53473,0.05134,0.29553,True,Ear Lobe,2.13744,1.66882,-0.02116,0.26158
490,Atsuto,3.02530,0.86449,0.10658,0.36237,False,Hamstrings,1.05542,2.56643,2.68122,-0.54583
491,Atsuto,-3.07774,-0.63376,0.21456,0.37147,True,Ear Lobe,-0.06004,4.70296,2.72090,1.34292
492,Bob,-1.33249,1.98696,0.03098,0.22936,False,Hamstrings,-1.15565,3.03220,-2.71348,1.21346
493,Bob,-0.31370,-2.93110,0.13273,0.47497,True,Ear Lobe,0.73871,3.72690,-3.16261,1.58624
494,Jorg,-1.58108,-0.54689,0.14591,0.34007,True,Ear Lobe,0.77586,2.30823,-3.16261,1.58624
495,Atsuto,0.92124,0.65355,0.21550,0.28605,False,Hamstrings,2.26027,5.08263,0.63838,-0.00039
496,Atsuto,1.49152,0.84303,-0.01619,0.46559,False,Hamstrings,1.55223,2.08290,1.03880,-0.71765
497,Atsuto,1.77093,-1.02941,0.09167,0.51359,True,Ear Lobe,3.70305,3.91955,2.66075,0.72459
498,Bob,0.17681,5.09038,0.39650,0.36019,False,Hamstrung,0.14617,2.56493,-2.98466,-1.51258
499,Bob,0.23952,1.48838,0.04378,0.16213,False,Hamstrings,0.37117,-0.53393,-2.03510,0.59627
500,Jorg,-3.53928,-0.53515,0.00668,0.19169,True,Ear Lobe,1.80228,0.63015,-2.03510,0.59627
501,Bob,-1.64321,2.18665,0.21662,0.57552,False,Hamstrings,-4.83631,3.21622,-1.76689,-0.11982
502,Bob,0.27007,0.35807,0.36547,0.55293,True,Hamstrings,-1.00463,2.58149,-2.78692,0.12731
503,Atsuto,-0.90793,0.55293,-0.09054,0.53719,False,Hamstrings,2.71847,1.22668,2.36077,3.03992
504,Bob,0.03927,1.16586,0.03861,0.16737,False,Hamstrings,-0.96943,3.74971,-1.95240,1.35821
505,Jorg,-2.75547,1.94089,-0.07881,0.29160,False,Hamstrings,1.78321,2.50114,-1.95240,1.35821
506,Bob,1.47694,0.97901,0.20729,0.33708,False,Hamstrings,1.31031,3.29735,-1.27698,2.65436
507,Atsuto,0.64810,0.37065,0.00987,0.42247,True,Glutes,0.59009,1.92683,0.75365,1.46624
508,Jorg,2.89361,0.82993,0.13066,0.71349,False,Hamstrings,2.34384,-0.42160,0.75365,1.46624
509,Atsuto,0.93145,-2.94718,0.22399,0.35251,True,Ear Lobe,4.82512,1.25263,1.70108,0.68667
510,Bob,-0.59430,-2.84240,0.11044,0.14452,True,Ear Lobe,0.58064,0.42990,-2.96048,0.39260
511,Atsuto,-1.96039,1.04349,0.09692,0.53824,False,Hamstrings,3.51851,0.69267,4.88094,2.79337
512,Atsuto,-2.02795,-2.46849,0.18500,0.28195,True,Ear Lobe,2.75859,1.11240,1.57712,0.71914
513,Atsuto,-2.46238,3.29043,0.17298,0.29042,False,Hamstrings,-0.34462,1.36270,-2.84122,0.85332
514,Bob,-2.54286,-0.73457,0.42806,0.41195,True,Ear Lobe,0.24706,0.94523,-2.81147,1.16310
515,Jorg,0.20223,-2.01804,0.16069,0.59605,True,Ear Lobe,3.32023,0.81938,-2.81147,1.16310
516,Bob,0.04376,-0.51321,0.27748,0.65096,True,Tongue,1.23352,0.75288,-2.43692,0.23751
517,Atsuto,-0.37865,3.12796,-0.07348,0.53022,False,Hamstrings,0.22023,-0.81536,1.25083,0.01846
518,Jorg,-0.96940,-2.41539,-0.17860,0.43177,True,Ear Lobe,1.13123,-0.46265,1.25083,0.01846
519,Jorg,-4.60289,-1.51048,-0.05084,0.51111,True,Ear Lobe,-1.44463,-2.05938,1.25083,0.01846
520,Atsuto,2.58312,-2.53920,0.13365,0.36875,True,Ear Lobe,3.66635,1.00432,-0.40778,0.25608
521,Jorg,-0.26204,-0.85413,0.19107,0.71131,True,Ear Lobe,2.62020,0.59637,-0.40778,0.25608
522,Atsuto,-1.58254,2.73382,0.14261,0.26702,False,Hamstrings,0.13133,0.05669,-2.88943,3.01345
523,Jorg,1.56579,-1.14413,0.35901,0.53025,True,Ear Lobe,-0.15526,-2.36748,-2.88943,3.01345
524,Jorg,-0.49740,0.21575,0.18958,0.37890,True,Trapeziums,-1.54785,0.62657,-2.88943,3.01345
525,Atsuto,0.53617,-0.26270,0.21768,0.30695,True,Ear Lobe,0.58677,-0.07085,-4.31961,1.40413
526,Jorg,1.40244,-2.65014,0.04595,0.68676,True,Ear Lobe,0.92879,-0.12422,-4.31961,1.40413
527,Bob,-2.50882,2.64212,0.26280,0.38463,False,Hamstrings,4.17440,1.27368,-3.24169,3.61503
528,Atsuto,-3.27224,-0.46353,0.20721,0.35433,True,Ear Lobe,3.30281,1.60498,2.71097,3.05796
529,Jorg,-2.78595,1.66956,0.24503,0.51941,False,Hamstrings,2.52081,-1.83120,2.71097,3.05796
530,Jorg,0.18851,0.50477,0.20566,0.77010,True,Hamstrings,0.48352,-1.63938,2.71097,3.05796
531,Jorg,0.06500,-1.90385,0.16491,0.35174,True,Ear Lobe,2.60391,-2.28949,2.71097,3.05796
532,Atsuto,0.30693,-0.50994,-0.03375,0.49026,True,Ear Lobe,5.26005,1.82546,-0.06011,1.27665
533,Jorg,-2.65417,-3.34452,0.13804,0.33187,True,Ear Lobe,3.29503,-0.06241,-0.06011,1.27665
534,Atsuto,0.65391,1.47693,0.13407,0.52346,False,Hamstrings,0.90460,1.37207,2.27429,1.74045
535,Jorg,0.25648,1.03264,-0.06689,0.59273,False,Hamstrings,0.38436,-3.28676,2.27429,1.74045
536,Bob,3.48585,0.84326,0.16316,0.39482,False,Hamstrings,1.05194,2.49493,-0.96695,3.10942
537,Jorg,-2.77036,0.54454,0.05334,0.44277,False,Hamstrings,-0.36568,0.37064,-0.96695,3.10942
538,Bob,-0.43152,-0.53234,-0.10741,0.23117,True,Ear Lobe,-2.50043,2.03950,0.40160,3.71469
539,Jorg,0.59930,3.01819,0.23788,0.54621,False,Hamstrings,-0.22636,1.71506,0.40160,3.71469
540,Jorg,0.25603,0.47809,0.25359,0.64550,True,Hamstrings,1.85370,-1.54871,0.40160,3.71469
541,Jorg,-0.86705,-2.62026,-0.10152,0.31700,True,Ear Lobe,0.90940,-0.67893,0.40160,3.71469
542,Atsuto,-0.09946,-2.84936,0.15037,0.35246,True,Ear Lobe,4.18312,4.79004,0.60946,-0.27792
543,Atsuto,-1.04712,-0.37923,0.03660,0.45338,True,Ear Lobe,2.68535,1.72475,-1.02859,0.79406
544,Bob,-1.09561,3.55467,0.23689,0.58223,False,Hamstrings,-4.09455,1.01091,-2.09648,0.52113
545,Jorg,0.11900,1.29234,0.00616,0.64236,False,Hamstrings,0.30153,-0.53531,-2.09648,0.52113
546,Bob,-2.02369,-3.38615,0.06647,0.30764,True,Ear Lobe,2.28353,0.49634,-3.00899,-0.16025
547,Jorg,2.11366,-1.92611,-0.04508,0.55081,True,Ear Lobe,2.05225,1.62223,-3.00899,-0.16025
548,Bob,-0.84095,-4.55978,-0.03709,0.27129,True,Ear Lobe,0.13652,-1.68417,-2.12719,-1.38377
549,Atsuto,-3.12385,-1.16181,0.16744,0.41847,True,Ear Lobe,2.00477,4.11969,-0.42484,0.91095
550,Atsuto,5.95047,-1.11294,0.04419,0.52591,True,Ear Lobe,1.27342,2.96133,-0.96179,-1.15882
551,Atsuto,1.70577,5.32768,0.08622,0.51875,False,Hamstrings,1.40547,-1.20508,-2.41619,0.53507
552,Atsuto,-1.71979,0.85754,0.06406,0.53492,False,Hamstrings,0.94342,0.91520,-0.12946,1.69289
553,Atsuto,-1.46619,1.41761,-0.02316,0.57479,False,Hamstrings,3.22099,4.14158,4.44794,2.27281
554,Atsuto,-0.05514,1.28981,0.12668,0.49540,False,Hamstrings,2.72098,2.99020,3.37444,-0.44408
555,Bob,0.18079,-1.82275,0.25517,0.47959,True,Ear Lobe,-2.24088,1.76348,-2.08743,0.54255
556,Atsuto,-1.65667,1.78209,0.05501,0.32841,False,Hamstrings,0.69120,-0.16783,-2.51353,1.67898
557,Atsuto,-0.63511,-1.76432,0.22136,0.34252,True,Ear Lobe,4.33767,4.02591,-1.46533,2.35368
558,Atsuto,0.13122,-0.47337,0.13010,0.58640,True,Ear Lobe,0.57010,1.05519,2.56948,-0.76882
559,Bob,-2.36697,-2.87645,0.17185,0.23314,True,Ear Lobe,3.05551,5.20307,-1.11886,0.94748
560,Atsuto,0.99017,2.76880,0.00510,0.56044,False,Hamstrings,2.35425,0.24174,2.42347,1.53524
561,Bob,-1.09330,0.07916,-0.04156,0.17883,True,Ear Lobe,0.13255,4.00802,-1.33482,-0.17047
562,Bob,3.09152,-3.01918,0.09016,0.32024,True,Ear Lobe,-1.75621,1.80967,-1.75549,0.51698
563,Bob,-2.60069,1.38903,-0.04368,0.33796,False,Hamstrings,-4.59929,1.08763,-0.74007,2.15768
564,Atsuto,-0.93346,0.26800,0.22809,0.39823,True,Glutes,-0.83055,3.72711,-1.27060,1.35321
565,Atsuto,-1.55410,-1.53853,0.04705,0.61808,True,Ear Lobe,3.16985,2.11332,0.60631,0.94073
566,Bob,0.28209,1.00657,0.09164,0.09891,False,Hamstrings,2.35819,3.22071,-1.44808,-0.24714
567,Atsuto,0.98127,0.33100,0.09180,0.16196,False,Pectorials,1.44263,0.19886,1.97994,-0.57788
568,Bob,1.88798,-1.24781,0.22343,0.58065,True,Ear Lobe,0.90859,1.79207,-2.01834,1.67040
569,Atsuto,2.98050,-3.31551,0.06676,0.31771,True,Ear Lobe,1.59817,4.04786,-0.91174,-0.55120
570,Atsuto,0.86098,-0.83118,0.23998,0.27365,True,Ear Lobe,7.39282,-1.60268,-1.79487,1.39622
571,Bob,0.09145,-1.75984,0.14817,0.17328,True,Ear Lobe,-5.76145,4.79966,-3.10048,-0.79168
572,Jorg,-0.21609,1.69814,0.17235,0.68649,False,Hamstrings,-0.65457,-0.86073,-3.10048,-0.79168
573,Atsuto,-1.28861,2.57647,0.09083,0.65086,False,Hamstrings,3.68546,0.04500,2.29306,1.69394
574,Jorg,0.60107,-0.42432,0.03750,0.65618,True,Ear Lobe,2.44504,2.29105,2.29306,1.69394
575,Jorg,1.47233,0.41668,-0.13773,0.42992,True,Trapeziums,2.43445,1.77798,2.29306,1.69394
576,Jorg,-0.93436,-2.20470,0.06344,0.42496,True,Ear Lobe,0.83238,-3.26758,2.29306,1.69394
577,Atsuto,1.33662,-1.03502,0.11601,0.22612,True,Ear Lobe,-3.98434,-1.89709,-1.86373,1.39123
578,Jorg,0.04573,1.40421,-0.02190,0.19435,False,Hamstrings,3.22324,3.26752,-1.86373,1.39123
579,Jorg,-0.74157,0.97698,0.03251,0.59253,False,Hamstrings,2.71564,-1.85106,-1.86373,1.39123
580,Atsuto,-0.62618,-1.60911,-0.04421,0.46239,True,Ear Lobe,1.84584,-0.83207,3.20880,2.54414
581,Bob,4.62607,-0.98927,0.24570,0.31951,True,Ear Lobe,4.03324,2.43574,-0.38936,2.04936
582,Jorg,-0.08455,-0.61607,0.24711,0.78797,True,Tongue,5.68120,-0.96114,-0.38936,2.04936
583,Jorg,2.74999,-1.87921,0.21108,0.38936,True,Ear Lobe,0.89822,2.00114,-0.38936,2.04936
584,Jorg,0.41049,0.08394,0.03804,0.43659,True,Pectorials,0.06353,0.76276,-0.38936,2.04936
585,Bob,-1.72951,1.11790,0.33169,0.44450,False,Hamstrings,-1.11299,1.89766,-3.75774,1.16172
586,Jorg,-1.22416,3.07214,0.12879,0.53790,False,Hamstrings,2.48931,-1.31674,-3.75774,1.16172
587,Atsuto,-0.76558,2.13894,0.03900,0.57990,False,Hamstrings,1.79466,3.47250,2.65318,-1.90564
588,Jorg,2.52103,-2.88143,0.25208,0.62206,True,Ear Lobe,4.43450,2.33003,2.65318,-1.90564
589,Bob,0.87575,-1.87760,-0.00368,0.09618,True,Ear Lobe,-1.01917,3.36061,-2.92273,2.49292
590,Bob,2.38042,0.38648,0.15144,0.25087,False,Trapeziums,0.81475,0.90769,-3.04074,0.72517
591,Atsuto,0.18678,-1.74705,0.10200,0.47145,True,Ear Lobe,0.91385,3.16383,-1.47204,0.49722
592,Jorg,-3.45246,-2.45816,-0.00835,0.36788,True,Ear Lobe,-0.42693,-3.16012,-1.47204,0.49722
593,Atsuto,-1.06331,0.49950,0.15050,0.44836,False,Hamstrings,0.90434,6.49270,2.05684,2.17353
594,Jorg,-2.08096,0.47617,0.13464,0.40786,False,Hamstrings,4.43803,-0.49411,2.05684,2.17353
595,Jorg,2.14958,-0.20243,-0.04757,0.38956,True,Ear Lobe,-2.35162,-1.61226,2.05684,2.17353
596,Atsuto,-1.22885,-4.16095,0.04047,0.55962,True,Ear Lobe,3.62901,0.79923,0.24118,-0.07229
597,Bob,-2.41525,2.52068,0.04875,0.29370,False,Hamstrings,-2.15968,3.11486,-1.70115,2.24919
598,Jorg,1.61421,-5.91681,0.04677,0.21321,True,Ear Lobe,1.96442,1.41215,-1.70115,2.24919
599,Bob,5.74465,-0.31617,0.05184,0.14233,True,Ear Lobe,3.30858,1.76253,-3.27601,0.60414
600,Jorg,1.78161,-0.90791,0.26134,0.46038,True,Ear Lobe,3.93527,-1.11412,-3.27601,0.60414
601,Atsuto,1.99965,0.86100,0.00438,0.43207,False,Hamstrings,0.23964,3.08363,2.20552,2.37366
602,Bob,-0.88183,1.25385,0.40039,0.45783,False,Hamstrings,0.22706,4.28406,-4.20286,0.42742
603,Bob,-2.46701,-2.12285,0.14139,0.19385,True,Ear Lobe,-1.98476,-2.59172,-0.27486,2.46282
604,Atsuto,-0.22928,-0.64512,0.07745,0.59183,True,Ear Lobe,-1.68262,6.02030,0.58104,0.51225
605,Jorg,2.85609,-2.65962,0.06031,0.23750,True,Ear Lobe,1.59750,-1.93291,0.58104,0.51225
606,Atsuto,2.61100,-2.19492,0.23080,0.24856,True,Ear Lobe,-0.23996,4.48076,1.76243,0.17201
607,Jorg,-0.75136,3.95180,0.02835,0.22832,False,Hamstrings,-0.20361,-2.29275,1.76243,0.17201
608,Atsuto,-1.03390,1.01826,0.24077,0.29790,False,Hamstrings,0.41399,1.79369,1.07661,2.65071
609,Atsuto,-0.39615,-1.33488,0.13757,0.51665,True,Ear Lobe,0.81579,3.60827,4.00470,2.30393
610,Jorg,-0.19073,-0.06610,-0.06466,0.25624,True,Ear Lobe,7.20084,0.78633,4.00470,2.30393
611,Atsuto,1.68165,0.88785,-0.02140,0.54050,False,Hamstrings,3.52396,2.97167,3.66458,1.80451
612,Bob,2.44482,1.92933,0.21449,0.52391,False,Hamstrings,1.16066,3.53231,-3.10298,1.57871
613,Atsuto,2.15178,-3.76274,0.08406,0.37027,True,Ear Lobe,1.25999,4.53733,2.55287,-0.45900
614,Jorg,-0.66454,1.23014,0.09989,0.58316,False,Hamstrings,1.23236,1.42596,2.55287,-0.45900
615,Atsuto,-0.64793,-0.76585,0.10186,0.45081,True,Ear Lobe,4.63985,-0.17367,2.68617,2.03632
616,Jorg,-0.96863,2.66843,0.28012,0.57296,False,Hamstrings,1.87507,1.51690,2.68617,2.03632
617,Jorg,1.78757,1.33845,-0.10774,0.39095,False,Hamstrings,-3.55268,2.17476,2.68617,2.03632
618,Bob,-1.86160,-0.31577,0.04801,0.09446,True,Ear Lobe,-0.68354,1.66860,-1.59148,1.81308
619,Atsuto,-2.53356,2.65806,0.12009,0.19317,False,Hamstrings,-2.72694,-3.27351,0.85629,-0.04179
620,Bob,-0.89289,0.51551,0.18057,0.52507,True,Hamstrings,-2.34311,2.27692,-0.52574,1.92753
621,Jorg,4.01784,-0.37973,0.23509,0.73729,True,Pectorials,1.50959,-3.27985,-0.52574,1.92753
622,Atsuto,1.46494,-0.96431,0.13157,0.35859,True,Ear Lobe,2.33574,4.12218,0.29461,1.14316
623,Jorg,-0.29101,-1.14665,0.29719,0.60967,True,Ear Lobe,1.64917,-2.77440,0.29461,1.14316
624,Jorg,3.84556,-2.79030,0.34227,0.51898,True,Ear Lobe,2.61670,-4.08004,0.29461,1.14316
625,Bob,-1.18538,0.73706,0.18953,0.30514,False,Hamstrings,-1.59165,1.73382,-3.40397,1.18914
626,Jorg,1.01801,-1.15295,0.23670,0.57059,True,Ear Lobe,8.67892,2.47006,-3.40397,1.18914
627,Bob,0.94178,-1.31261,0.27874,0.25478,True,Ear Lobe,-0.98976,0.78988,-2.23951,1.52474
628,Atsuto,1.58351,1.05890,0.07758,0.67468,False,Hamstrings,2.73495,0.07573,2.20017,1.09558
629,Jorg,-3.68408,5.74452,-0.09364,0.42067,False,Hamstrings,2.02888,1.66634,2.20017,1.09558
630,Atsuto,0.78761,0.78213,-0.00539,0.38676,False,Hamstrings,0.57898,3.80857,0.33752,1.36192
631,Bob,-1.01525,-0.03567,0.28102,0.56900,True,Glutes,2.28191,3.40200,-3.28605,-0.52031
632,Atsuto,0.88571,0.93060,0.14818,0.43939,False,Hamstrings,4.08204,-0.06118,-3.64427,1.42525
633,Bob,-0.01575,2.20226,-0.02122,0.27717,False,Hamstrings,-0.80120,3.06262,-1.99464,1.32713
634,Bob,-2.78127,3.74620,0.11511,0.31774,False,Hamstrings,1.56485,0.85117,-1.72886,1.02414
635,Bob,1.91113,0.57691,0.29715,0.26693,False,Hamstrings,-0.56949,1.27850,-3.25173,0.56336
636,Atsuto,1.20734,2.32380,0.02303,0.35214,False,Hamstrings,3.30286,3.46777,3.79006,1.54857
637,Jorg,-0.52136,2.18624,0.24594,0.38626,False,Hamstrings,1.33162,-2.05368,3.79006,1.54857
638,Jorg,0.91622,-1.72921,-0.07475,0.31449,True,Ear Lobe,6.75944,0.06200,3.79006,1.54857
639,Jorg,3.01320,0.46868,0.22410,0.52774,True,Hamstrings,-2.14408,-0.23982,3.79006,1.54857
640,Bob,-2.33850,-0.55403,0.29678,0.58352,True,Ear Lobe,0.92168,3.05479,-1.24716,-0.25107
641,Bob,0.65487,3.17023,0.02521,0.08548,False,Hamstrings,0.07111,-1.59619,-1.46457,0.79003
642,Jorg,0.06531,-1.60515,-0.04954,0.51307,True,Ear Lobe,2.17150,-2.75780,-1.46457,0.79003
643,Bob,0.00365,1.97303,-0.07865,0.34244,False,Hamstrings,-4.40647,0.66152,-1.12170,2.70365
644,Bob,-1.51290,-0.50256,0.22858,0.33343,True,Ear Lobe,2.61574,0.96032,-1.55814,0.64289
645,Atsuto,-1.69501,1.04797,0.07591,0.27418,False,Hamstrings,2.56613,5.62758,0.60339,0.50671
646,Atsuto,1.19416,-0.33291,-0.01762,0.52476,True,Ear Lobe,3.02208,1.29518,-0.24596,-0.57673
647,Bob,-1.59444,0.52588,0.07024,0.13836,False,Trapeziums,3.18384,1.39136,-5.30720,0.09775
648,Jorg,4.48540,0.53162,0.31047,0.54086,True,Hamstrings,4.67299,2.06205,-5.30720,0.09775
649,Jorg,-3.04140,2.19732,0.16753,0.36203,False,Hamstrings,1.91348,0.95577,-5.30720,0.09775
650,Jorg,-1.56381,-1.38351,0.03065,0.52828,True,Ear Lobe,1.51031,-2.84026,-5.30720,0.09775
651,Bob,2.02801,3.36187,0.37500,0.35520,False,Hamstrings,0.09475,0.57151,-0.20417,4.79931
652,Jorg,-0.96541,-0.77201,0.12324,0.67827,True,Ear Lobe,0.91325,-1.38229,-0.20417,4.79931
653,Bob,-2.43081,3.02192,0.22247,0.36919,False,Hamstrings,0.77721,4.18429,-1.87142,-1.08461
654,Atsuto,2.55004,-2.70825,0.10039,0.34569,True,Ear Lobe,5.64201,1.38980,2.69037,2.60412
655,Bob,1.09581,-0.88251,0.34407,0.40766,True,Ear Lobe,0.39139,3.42729,-1.25427,2.75576
656,Bob,1.60651,-2.10566,0.08660,0.25607,True,Ear Lobe,2.09598,4.86555,-1.90574,2.55636
657,Atsuto,-1.26645,-2.11464,-0.02093,0.54893,True,Ear Lobe,1.78791,0.36782,2.66962,-0.68960
658,Atsuto,-3.27505,2.20671,-0.03030,0.50275,False,Hamstrings,2.38076,4.95357,1.40710,1.93789
659,Atsuto,-2.10087,-0.97997,0.10593,0.17842,True,Ear Lobe,0.97378,2.91442,-2.30646,3.07271
660,Bob,-0.55415,0.76319,-0.00192,0.06986,False,Glutes,-3.72360,-2.27256,-2.27445,0.20563
661,Jorg,2.09623,-2.79225,0.03129,0.55966,True,Ear Lobe,0.24534,-0.02985,-2.27445,0.20563
662,Jorg,-1.66730,2.23387,0.08377,0.37307,False,Hamstrings,1.65842,-0.28527,-2.27445,0.20563
663,Jorg,3.00188,-2.75583,0.07926,0.34604,True,Ear Lobe,-0.04542,1.14568,-2.27445,0.20563
664,Atsuto,-1.77834,1.43050,0.14510,0.23863,False,Hamstrings,4.25725,2.32805,0.47229,3.26452
665,Jorg,-4.07893,3.32372,0.21105,0.59820,False,Hamstrings,3.47850,-2.70325,0.47229,3.26452
666,Bob,1.31937,1.68370,0.12704,0.19133,False,Hamstrings,-2.19423,2.54966,-2.17746,1.61834
667,Jorg,0.50510,2.23600,0.05801,0.56539,False,Hamstrings,0.94764,-2.13390,-2.17746,1.61834
668,Atsuto,1.41158,-0.34275,0.11023,0.61862,True,Ear Lobe,4.63308,2.62558,-2.76352,-0.01389
669,Atsuto,1.55846,-0.27031,-0.06574,0.51901,True,Ear Lobe,0.00304,1.46626,3.54982,1.06193
670,Atsuto,-0.92538,0.63655,0.01575,0.54281,False,Hamstrings,1.68366,4.45171,1.31682,1.50000
671,Bob,-2.87720,1.45172,-0.11564,0.30304,False,Hamstrings,-3.19984,2.54819,-0.88967,1.43861
672,Atsuto,2.29148,2.11214,0.11128,0.62279,False,Hamstrings,2.46431,-1.06926,2.29255,1.89264
673,Bob,-0.14194,-1.61449,0.35489,0.54643,True,Ear Lobe,3.73440,0.78550,-3.43707,1.12564
674,Jorg,2.52522,-3.53253,0.10517,0.54639,True,Ear Lobe,3.94766,-2.46826,-3.43707,1.12564
675,Jorg,-0.04152,2.93037,-0.11618,0.46445,False,Hamstrings,0.72540,0.06732,-3.43707,1.12564
676,Jorg,1.09261,-0.46590,0.03370,0.35726,True,Ear Lobe,1.80603,-0.89559,-3.43707,1.12564
677,Jorg,-1.40013,-0.99146,-0.14498,0.35662,True,Ear Lobe,4.52479,1.86826,-3.43707,1.12564
678,Bob,0.52298,0.82482,0.28102,0.61726,False,Hamstrings,2.90567,-0.25714,-1.55643,0.92552
679,Jorg,-0.46199,0.51251,-0.04850,0.58416,True,Hamstrings,1.90469,-0.37153,-1.55643,0.92552
680,Jorg,1.25599,3.06322,-0.03213,0.46117,False,Hamstrings,1.91440,-0.44074,-1.55643,0.92552
681,Bob,-3.32585,0.13488,0.14359,0.21214,True,Tongue,0.38734,6.35582,-2.23430,5.55183
682,Jorg,2.65671,-2.65325,0.20286,0.75446,True,Ear Lobe,0.41085,-4.24505,-2.23430,5.55183
683,Atsuto,-1.38947,1.45482,0.11935,0.39257,False,Hamstrings,2.75961,1.77539,-2.62382,3.27691
684,Atsuto,1.00729,-4.38439,0.07289,0.32292,True,Ear Lobe,4.89194,5.34386,5.08343,0.56930
685,Atsuto,0.50145,3.79469,0.03960,0.58049,False,Hamstrings,2.33171,2.55150,3.38579,2.84618
686,Jorg,-2.05515,1.37820,-0.12151,0.44766,False,Hamstrings,-0.13081,0.82377,3.38579,2.84618
687,Atsuto,-2.35967,2.79709,0.06731,0.51160,False,Hamstrings,1.05761,5.12311,3.11239,-0.21395
688,Jorg,-5.39001,2.78817,-0.00618,0.46650,False,Hamstrings,-3.40620,-0.60819,3.11239,-0.21395
689,Bob,-0.58656,-2.58818,0.24434,0.31791,True,Ear Lobe,2.18135,4.14952,-0.88308,-0.48950
690,Bob,1.95484,-0.45504,0.11554,0.23529,True,Ear Lobe,-1.06550,2.42261,-3.95490,2.69446
691,Bobb,-0.42405,-3.46628,0.27589,0.57738,True,Ear Lobe,0.95072,2.66828,-2.25841,0.77262
692,Atsuto,0.44887,0.42759,0.22811,0.34612,False,Hamstrings,0.35285,1.12925,2.28774,-1.99345
693,Jorg,-0.53888,0.17619,-0.04909,0.39401,True,Pectorials,2.09474,-2.48056,2.28774,-1.99345
694,Bob,0.55625,0.20799,-0.12677,0.26898,True,Ear Lobe,-1.25343,0.30674,-0.90802,3.10417
695,Bob,-1.24142,3.72558,0.08054,0.44332,False,Hamstrings,-0.79532,1.14116,-1.06537,0.77636
696,Jorg,0.40177,-2.90833,0.27113,0.62621,True,Ear Lobe,2.48672,2.48908,-1.06537,0.77636
697,Bob,-1.07695,-0.07470,0.32119,0.31475,True,Pectorials,0.78159,4.49266,-1.37119,-0.36240
698,Bob,-0.60787,2.87994,0.21502,0.51251,False,Hamstrings,-1.66880,-1.95917,-0.26740,-1.37707
699,Jorg,-3.01105,-0.29517,0.30053,0.54317,True,Pectorials,2.43218,3.40687,-0.26740,-1.37707
700,Atsuto,0.31296,-0.81669,0.27678,0.26314,True,Ear Lobe,5.11425,2.70654,1.69042,1.69637
701,Bob,1.99263,-0.11503,0.12588,0.12429,True,Ear Lobe,2.44186,1.23588,-3.73380,2.38535
702,Jorg,-1.97239,1.21674,0.10878,0.26271,False,Hamstrings,1.16079,1.89680,-3.73380,2.38535
703,Jorg,-0.06153,-0.12562,0.05518,0.22612,True,Ear Lobe,0.61226,-0.30414,-3.73380,2.38535
704,Bob,-4.08676,-2.70778,0.04444,0.08403,True,Ear Lobe,-3.13394,0.24351,-2.68068,0.76551
705,Jorg,3.79115,-0.81730,0.12726,0.51117,True,Ear Lobe,0.85545,3.60670,-2.68068,0.76551
706,Bob,-2.34924,2.65324,0.31640,0.29781,False,Hamstrings,-1.61872,1.85087,-1.48952,0.49594
707,Jorg,3.65656,1.03676,0.13812,0.30709,False,Hamstrings,2.97500,0.08291,-1.48952,0.49594
708,Jorg,2.96885,-5.06257,0.11138,0.45657,True,Ear Lobe,-0.17438,1.44535,-1.48952,0.49594
709,Atsuto,-0.80408,-2.62134,-0.05236,0.50057,True,Ear Lobe,2.83963,2.51938,1.62408,0.44083
710,Jorg,-1.62543,3.89646,0.29366,0.65295,False,Hamstrings,0.45802,0.49360,1.62408,0.44083
711,Bob,3.30489,-1.37425,0.37860,0.53058,True,Ear Lobe,2.72671,2.36639,0.06983,-0.74679
712,Bob,-2.05672,-0.98794,0.01053,0.09185,True,Ear Lobe,0.71822,-1.42925,-2.27131,2.35068
713,Jorg,-2.92979,-0.44692,0.22831,0.62420,True,Tongue,-1.18252,1.17122,-2.27131,2.35068
714,Bob,-2.25989,1.37012,0.35556,0.32225,False,Hamstrings,-3.78778,3.16861,-2.81652,1.36155
715,Bob,0.27007,-2.48273,-0.06417,0.33116,True,Ear Lobe,-4.04591,3.36932,-1.02566,2.17326
716,Jorg,-1.36324,-2.83738,0.10918,0.31130,True,Ear Lobe,-3.05410,-4.26061,-1.02566,2.17326
717,Atsuto,0.17776,-6.07994,0.09937,0.25032,True,Ear Lobe,2.75509,-2.79849,1.68837,0.51048
718,Atsuto,1.12172,-1.76418,0.06798,0.54425,True,Ear Lobe,2.05620,-0.24576,2.37978,3.42667
719,Atsuto,0.16863,-1.00630,0.28230,0.29235,True,Ear Lobe,2.49909,3.83031,1.78373,2.56664
720,Jorg,-0.24043,1.80716,-0.16917,0.44383,False,Hamstrings,3.05200,-1.63413,1.78373,2.56664
721,Jorg,4.85564,-0.45481,-0.04524,0.26243,True,Ear Lobe,4.00676,0.41102,1.78373,2.56664
722,Jorg,-3.92336,0.83004,0.15361,0.64447,False,Hamstrings,2.61189,0.63033,1.78373,2.56664
723,Jorg,2.79212,-3.36886,-0.04868,0.51173,True,Ear Lobe,2.28015,-2.48842,1.78373,2.56664
724,Atsuto,-0.84462,0.48483,0.28620,0.25827,False,Hamstrings,4.85022,-1.20687,3.17636,2.80140
725,Jorg,-1.89975,2.19850,0.18451,0.52213,False,Hamstrings,2.68943,-1.44209,3.17636,2.80140
726,Atsuto,-2.99605,-2.47693,0.05595,0.46222,True,Ear Lobe,0.80741,-2.39040,0.35958,-1.45491
727,Jorg,-1.19638,1.62896,0.09963,0.59592,False,Hamstrings,1.00102,-1.41455,0.35958,-1.45491
728,Bob,1.01384,-1.36698,0.19094,0.22222,True,Ear Lobe,2.96539,2.82094,-3.36913,0.01409
729,Atsuto,-2.87279,5.47921,0.16140,0.52977,False,Hamstrings,0.31128,4.14232,1.93307,-0.48463
730,Bob,4.74191,-0.29377,-0.01487,0.20745,True,Ear Lobe,-1.77558,0.27421,-1.35347,1.70047
731,Bob,0.00570,0.86353,0.18618,0.50641,False,Hamstrings,-2.15859,6.35366,-1.66160,1.89855
732,Atsuto,1.18550,-0.06442,0.15951,0.35333,True,Tongue,3.42810,3.10182,-2.07684,0.32245
733,Atsuto,-0.14612,4.60885,0.02756,0.56163,False,Hamstrings,0.36149,1.76852,2.28983,-0.90802
734,Atsuto,0.88298,-0.23793,0.24637,0.25007,True,Ear Lobe,2.30049,2.34562,0.97302,2.00951
735,Bob,3.26507,-0.24866,0.00307,0.33770,True,Ear Lobe,1.39178,2.91605,-1.90671,1.44005
736,Jorg,-0.93658,2.81324,0.21810,0.80724,False,Hamstrings,1.23687,-2.60010,-1.90671,1.44005
737,Atsuto,1.81955,-1.22811,-0.00951,0.43495,True,Ear Lobe,2.18442,-3.10359,2.91754,2.55003
738,Jorg,1.36096,0.18466,0.02999,0.30729,True,Pectorials,3.29275,-1.96392,2.91754,2.55003
739,Bob,-2.36212,3.62105,-0.00860,0.39334,False,Hamstrings,-2.94421,2.38658,-1.63035,-0.26449
740,Jorg,3.54871,0.08199,-0.16447,0.51422,True,Tongue,3.32402,2.43707,-1.63035,-0.26449
741,Jorg,-4.09330,2.01304,0.08171,0.60470,False,Hamstrings,0.24564,-2.46228,-1.63035,-0.26449
742,Atsuto,1.89490,-0.13319,0.26113,0.33513,True,Tongue,3.38520,4.71722,3.63556,1.86722
743,Bob,-0.48416,0.12631,0.09597,0.19947,True,Tongue,0.01999,0.75430,-2.86179,1.42615
744,Jorg,0.97050,-3.61336,-0.17389,0.35820,True,Ear Lobe,0.42892,3.05427,-2.86179,1.42615
745,Bob,-1.59155,0.52639,0.14542,0.22460,False,Glutes,-2.25969,5.42061,-3.33619,1.54515
746,Bob,-2.80630,0.76727,0.35204,0.41475,False,Hamstrings,0.26365,2.09146,-1.48228,0.66444
747,Bob,-2.16056,-0.27054,0.09717,0.47715,True,Ear Lobe,-3.69479,-1.74822,-0.91909,0.72677
748,Atsuto,1.24654,2.40191,0.03465,0.35627,Flase,Hamstrings,3.80981,1.05220,1.09238,4.12900
749,Jorg,1.84371,-3.92254,-0.02276,0.59430,True,Ear Lobe,4.03724,2.53077,1.09238,4.12900
750,Jorg,-2.24059,-0.35274,0.03660,0.41511,True,Ear Lobe,3.57630,-1.07326,1.09238,4.12900
751,Bob,1.92235,3.88939,0.04398,0.35729,False,Hamstrings,-0.24600,2.25003,-1.76457,3.14091
752,Atsuto,2.45829,1.38503,0.16413,0.24380,False,Hamstrings,3.29083,5.59830,0.86318,1.92011
753,Bob,1.29476,1.05295,0.07875,0.16279,False,Hamstrings,-2.68887,2.77029,-1.03283,1.17646
754,Bob,-1.41790,-1.13384,-0.05392,0.27987,True,Ear Lobe,-0.40940,0.30293,-2.22377,1.02957
755,Atsuto,1.43021,0.54482,0.09775,0.19446,False,Glutes,-1.19807,4.11746,2.33009,-1.72374
756,Jorg,2.15963,-3.74171,0.16453,0.53284,True,Ear Lobe,0.14356,-5.30659,2.33009,-1.72374
757,Atsuto,-0.57359,3.41135,0.23640,0.26073,False,Hamstrings,0.25924,5.03571,2.42804,1.22514
758,Atsuto,2.98202,-3.64825,0.05178,0.60783,True,Ear Lobe,0.83920,0.16579,0.87894,0.88877
759,Jorg,-1.38897,0.39757,0.18680,0.44137,True,Hamstrings,4.59834,-0.06988,0.87894,0.88877
760,Jorg,0.87265,-4.85327,-0.04724,0.38934,True,Ear Lobe,3.82862,3.45061,0.87894,0.88877
761,Atsuto,2.64564,2.64302,0.00517,0.59611,False,Hamstrings,1.19594,0.49490,3.86532,1.77823
762,Jorg,4.23421,3.47886,0.14910,0.75039,False,Hamstrings,3.51194,-0.99889,3.86532,1.77823
763,Bob,4.40972,0.88295,0.01414,0.02706,False,Hamstrings,0.80306,2.47114,0.15192,1.92154
764,Jorg,-3.60443,-1.38355,0.17523,0.32248,True,Ear Lobe,0.90558,-1.24013,0.15192,1.92154
765,Atsuto,0.95942,0.44336,0.07505,0.31489,False,Glutes,-0.06171,2.42447,3.02860,1.30984
766,Jorg,0.32239,-1.83839,0.27941,0.71536,True,Ear Lobe,6.46052,2.35327,3.02860,1.30984
767,Bob,3.06553,0.67492,0.06750,0.26932,False,Hamstrings,-2.47500,4.59300,-1.59378,1.75106
768,Atsuto,-0.53159,0.56872,-0.08235,0.52295,False,Hamstrings,6.67585,3.04398,3.07916,0.84633
769,Jorg,-7.38271,0.00677,0.27274,0.71236,True,Hamstrings,3.51980,-3.41482,3.07916,0.84633
770,Atsuto,-0.15940,-0.75175,-0.03405,0.56463,True,Ear Lobe,3.08453,1.88459,2.34849,0.10436
771,Jorg,-2.20595,5.16707,-0.07242,0.51329,False,Hamstrings,1.52179,2.34395,2.34849,0.10436
772,Bob,-0.80895,-2.45629,0.22596,0.34674,True,Ear Lobe,0.93738,2.43357,-0.49332,0.52412
773,Bob,1.23597,-0.51814,0.25558,0.55814,True,Ear Lobe,-1.91203,1.95904,-2.19005,2.25501
774,Bob,1.66784,-1.58460,0.38518,0.44779,True,Ear Lobe,-0.39498,0.66252,-1.28599,-0.66046
775,Jorg,0.80693,-0.53353,-0.17661,0.47089,True,Ear Lobe,1.79988,0.86804,-1.28599,-0.66046
776,Jorg,1.33486,-0.31344,0.12719,0.37752,True,Ear Lobe,-0.35664,0.60891,-1.28599,-0.66046
777,Bob,3.52351,0.35162,0.18853,0.48178,True,Hamstrings,0.11230,2.17456,-3.06397,0.75778
778,Atsuto,-0.73440,4.96529,0.15874,0.30353,False,Hamstrings,4.38916,2.28328,-3.33741,2.99515
779,Jorg,-0.98561,3.27049,0.26324,0.70744,False,Hamstrings,2.28501,0.33392,-3.33741,2.99515
780,Atsuto,-1.22332,1.13401,0.13960,0.42856,False,Hamstrings,-1.37780,5.75853,1.88857,0.28644
781,Bob,2.43503,-3.30153,0.23667,0.43513,True,Ear Lobe,0.88467,-2.19472,-1.46253,0.13429
782,Atsuto,0.33121,-1.70419,0.06998,0.54728,True,Ear Lobe,5.32987,-0.93266,-2.83090,3.11910
783,Atsuto,1.14387,-0.47662,0.03514,0.34769,True,Ear Lobe,3.82210,4.48361,2.76100,1.88911
784,Jorg,3.74023,-2.32133,-0.09515,0.57609,True,Ear Lobe,-0.22808,1.15723,2.76100,1.88911
785,Bob,-1.25404,0.22595,0.19367,0.42286,True,Glutes,-4.25852,5.51771,-4.61117,1.63576
786,Atsuto,-0.13647,1.75700,-0.00776,0.61503,False,Hamstrings,1.56811,5.89762,0.69656,1.93588
787,Jorg,-1.38961,1.23358,-0.04722,0.55315,False,Hamstrings,2.08987,-0.69416,0.69656,1.93588
788,Jorg,-3.27986,0.38143,0.10506,0.42815,True,Hamstrings,0.68863,2.42125,0.69656,1.93588
789,Bob,1.34723,-0.93913,0.20353,0.22751,True,Ear Lobe,-2.71936,1.57374,-1.90859,0.22590
790,Jorg,-1.95644,-1.51990,-0.01626,0.62228,True,Ear Lobe,3.80294,-0.44541,-1.90859,0.22590
791,Bob,-1.54529,-1.77756,0.03652,0.13091,True,Ear Lobe,-0.24236,1.42281,-1.63296,2.28255
792,Jorg,-0.81853,4.29432,0.13453,0.29810,False,Hamstrings,1.51600,-0.56241,-1.63296,2.28255
793,Atsuto,0.75550,-0.90591,-0.00173,0.47281,True,Ear Lobe,2.37994,0.92622,-2.48533,1.56582
794,Bob,1.40405,1.54149,0.21017,0.23385,False,Hamstrings,-0.22050,1.15960,-2.40467,2.01824
795,Jorg,-1.27535,-2.05298,0.00143,0.20992,True,Ear Lobe,4.43017,1.69103,-2.40467,2.01824
796,Bob,-1.23158,1.06633,-0.10611,0.21835,False,Hamstrings,-0.78243,1.69971,-1.14520,2.39698
797,Bob,-0.40375,1.32663,0.25150,0.28600,False,Hamstrings,2.17418,-0.57580,-0.91434,2.01824
798,Jorg,1.97196,-2.62907,0.18824,0.62758,True,Ear Lobe,-1.15565,-2.86359,-0.91434,2.01824
799,Atsuto,-0.89187,1.00101,0.07441,0.27779,False,Hamstrings,2.97958,-0.49729,1.87923,1.66246
800,Jorg,-0.59202,2.38324,-0.13301,0.40390,False,Hamstrings,4.94177,-0.93846,1.87923,1.66246
801,Jorg,-2.72137,-0.27365,0.07652,0.41627,True,Ear Lobe,-0.29937,-3.19326,1.87923,1.66246
802,Jorg,-2.58883,-0.09108,0.17829,0.35732,True,Tongue,2.37928,-3.37445,1.87923,1.66246
803,Jorg,0.34215,2.20716,0.02276,0.59934,False,Hamstrings,0.67879,-1.50496,1.87923,1.66246
804,Atsuto,0.93448,-1.88728,0.05279,0.57455,True,Ear Lobe,-0.03792,-0.75022,2.58058,2.62617
805,Bob,-2.57448,2.94079,0.38018,0.46883,False,Hamstrings,-0.37835,0.45725,0.23323,3.16055
806,Atsuto,3.73563,0.14246,0.09569,0.39948,True,Deltoids,1.11973,3.62536,2.63085,2.16775
807,Jorg,0.16592,0.40483,-0.06638,0.58172,True,Hamstrings,-1.04160,0.66824,2.63085,2.16775
808,Atsuto,-2.78639,-0.84279,0.08190,0.63020,True,Ear Lobe,1.55474,1.37940,-1.93403,1.43437
809,Atsuto,0.48375,0.02142,0.05856,0.35368,True,Tongue,1.67414,-0.42485,4.24130,2.12754
810,Atsuto,-1.80889,0.15901,0.23779,0.37649,True,Trapeziums,3.88276,0.98299,0.88186,2.58382
811,Jorg,-1.45425,0.77677,-0.05671,0.48846,False,Hamstrings,0.82976,2.12205,0.88186,2.58382
812,Jorg,-2.54376,-2.64940,0.00002,0.53947,True,Ear Lobe,4.60050,-2.93771,0.88186,2.58382
813,Jorg,-2.05602,1.48831,0.31875,0.55225,False,Hamstrings,4.24270,0.85575,0.88186,2.58382
814,Atsuto,2.74367,-0.86342,-0.02481,0.50769,True,Ear Lobe,2.22552,2.56576,-0.29152,-0.20964
815,Jorg,-0.01018,-4.60605,0.04100,0.65966,True,Ear Lobe,2.78060,1.95463,-0.29152,-0.20964
816,Atsuto,-0.46930,2.89423,0.17754,0.26800,False,Hamstrings,1.01791,1.24388,-0.26319,1.62908
817,Jorg,-1.53402,-0.58356,0.01902,0.65674,True,Ear Lobe,0.55422,0.28384,-0.26319,1.62908
818,Jorg,1.13842,0.37509,0.25562,0.68174,True,Hamstrings,2.82103,0.68039,-0.26319,1.62908
819,Atsuto,-0.20186,0.53960,0.21656,0.32731,False,Hamstrings,23597.5,-2.60916,3.40790,2.87923
820,Jorg,1.09353,-1.03110,-0.09369,0.48141,True,Ear Lobe,0.53508,1.69001,3.40790,2.87923
821,Jorg,-1.66366,-2.68244,0.33110,0.59937,True,Ear Lobe,1.42712,-0.51056,3.40790,2.87923
822,Atsuto,-4.22580,1.18989,0.10606,0.21119,False,Hamstrings,0.95132,1.25566,-0.24878,-0.50088
823,Bob,-2.23325,-0.16892,0.00500,0.38034,True,Ear Lobe,-0.63797,5.26719,-1.58490,2.03212
824,Bob,-0.39740,-2.56698,-0.00880,0.33016,True,Ear Lobe,-1.63750,2.03806,-1.54853,1.53681
825,Atsuto,0.52891,-2.30361,0.19919,0.31457,True,Ear Lobe,4.15224,-1.20405,0.58356,0.53721
826,Bob,-1.94459,0.86190,0.33271,0.47420,False,Hamstrings,1.08486,2.59307,-2.36261,-0.66380
827,Bob,0.68470,1.31145,0.28149,0.58029,False,Hamstrings,4.09461,3.97089,-4.84800,2.12943
828,Jorg,-0.09693,1.78164,0.27970,0.47344,False,Hamstrings,-0.90739,-0.13290,-4.84800,2.12943
829,Jorg,-3.63964,0.07702,-0.07782,0.56878,True,Pectorialus,2.46616,-1.18743,-4.84800,2.12943
830,Jorg,0.81584,-3.05746,0.20269,0.53529,True,Ear Lobe,4.16561,2.63323,-4.84800,2.12943
831,Jorg,0.00600,-2.30575,-0.17631,0.49001,True,Ear Lobe,1.09675,1.18373,-4.84800,2.12943
832,Atsuto,2.21614,-2.12282,0.11061,0.28738,True,Ear Lobe,2.15333,2.52690,3.01080,0.66475
833,Bob,0.35341,-2.90372,-0.08318,0.25977,True,Ear Lobe,-0.92805,0.91373,-2.68623,-1.24118
834,Bob,-3.14571,1.53862,0.05227,0.20853,False,Hamstrings,0.91258,0.86834,0.12666,0.52167
835,Jorg,0.05733,2.32297,0.16836,0.40121,False,Hamstrings,2.09467,2.22453,0.12666,0.52167
836,Jorg,-1.80011,-1.72204,0.21557,0.80263,True,Ear Lobe,0.78031,1.73183,0.12666,0.52167
837,Atsuto,-0.51464,2.85723,0.07461,0.41213,False,Hamstrings,2.57502,2.70391,-2.48054,0.58036
838,Bob,3.37320,-1.84078,0.02329,0.24113,True,Ear Lobe,-2.27754,0.53831,-3.03080,0.94784
839,Jorg,0.42028,-0.55330,0.25888,0.43347,True,Ear Lobe,3.85793,0.11302,-3.03080,0.94784
840,Bob,1.70007,1.05979,0.14404,0.14671,False,Hamstrings,-0.54686,-2.88685,-3.69055,-0.87460
841,Atsuto,1.55981,-2.18355,0.22295,0.25476,True,Ear Lobe,1.99106,3.39665,1.07974,0.24395
842,Bob,-3.27800,-0.48113,-0.14241,0.28592,True,Ear Lobe,-2.13660,2.48833,-0.83477,1.58821
843,Atsuto,1.61505,3.62731,-0.01900,0.44246,False,Hamstrings,4.90668,4.70601,2.79793,-0.03651
844,Atsuto,2.51516,1.74314,0.12652,0.39013,False,Hamstrings,1.99032,0.17710,2.12453,1.25658
845,Bob,-0.05981,1.84942,0.10371,0.35847,False,Hamstrings,-0.13185,1.99834,-1.57219,1.63550
846,Bob,4.12519,-4.48870,0.12554,0.37119,True,Ear Lobe,0.20700,-1.05070,-3.55892,1.80371
847,Bob,-1.31424,3.42034,0.33059,0.35813,False,Hamstrings,-2.81964,-1.44921,-2.86839,0.90275
848,Bob,2.58945,1.86259,0.19062,0.21208,False,Hamstrings,0.41183,4.43923,-1.01287,0.71259
849,Atsuto,2.15748,0.44126,0.02822,0.32031,False,Trapeziums,5.27800,2.79718,-0.41517,1.78658
850,Jorg,2.11446,-1.81442,-0.19356,0.41114,True,Ear Lobe,1.72169,-0.57387,-0.41517,1.78658
851,Atsuto,3.13079,-3.73519,-0.03761,0.44736,True,Ear Lobe,3.45368,3.05443,-1.48391,1.37811
852,Jorg,-2.17366,1.76617,-0.03420,0.47802,False,Hamstrings,3.67524,-2.80339,-1.48391,1.37811
853,Jorg,-0.47367,0.35885,0.05089,0.27544,False,Deltoids,2.80578,-2.59508,-1.48391,1.37811
854,Bob,1.95038,0.91907,0.00028,0.27362,False,Hamstrings,-3.14261,0.03641,-0.29883,-0.40948
855,Jorg,-3.71390,0.14029,0.01007,0.49225,True,Deltoids,2.78930,-0.42721,-0.29883,-0.40948
856,Atsuto,1.74202,1.20088,0.00748,0.56474,False,Hamstrings,4.82032,0.78444,1.91406,1.29811
857,Bob,1.76499,-1.02884,0.39570,0.46841,True,Ear Lobe,-0.49342,0.64772,-2.59899,1.93523
858,Atsuto,1.15152,-0.48733,0.13066,0.38037,True,Ear Lobe,0.66232,1.87889,1.04378,-0.17800
859,Bob,2.03096,-0.30590,0.02839,0.26153,True,Ear Lobe,2.99713,1.34625,-2.31897,-1.29937
860,Atsuto,-3.32786,-0.30405,-0.00663,0.49281,True,Ear Lobe,4.34864,-0.88774,2.33828,1.10146
861,Bob,0.01229,-0.31722,0.42043,0.37466,True,Tongue,-3.22892,5.22760,-2.81954,0.84049
862,Atsuto,3.12013,-1.72080,0.09382,0.61187,True,Ear Lobe,0.49592,3.20988,0.01434,-0.16665
863,Bob,0.91250,-0.40346,0.23235,0.59656,True,Tongue,1.06606,4.24105,-3.37773,2.05992
864,Bob,-3.46347,2.33811,-0.06754,0.24729,False,Hamstrings,2.47897,1.09705,-2.50051,0.23597
865,Bob,-0.72091,-0.77408,0.24217,0.38952,True,Ear Lobe,-1.18299,-1.52881,-4.47223,1.17301
866,Atsuto,0.33059,2.01069,0.03568,0.35332,False,Hamstrings,2.51619,1.60284,2.47852,1.92933
867,Atsuto,2.57197,2.30716,0.02927,0.45280,False,Hamstrings,7.03391,1.69839,2.17222,0.13843
868,Bob,2.83868,-1.45497,0.40479,0.44379,True,Ear Lobe,-0.04476,3.93697,-0.10825,2.34094
869,Atsuto,-1.07200,3.40606,0.12736,0.22493,False,Hamstrings,-0.42292,0.17611,3.02778,4.06815
870,Atsuto,1.31645,0.70589,0.06724,0.46625,False,Hamstrings,-2.68040,4.67375,4.86583,0.89169
871,Atsuto,-1.91321,0.94437,0.27460,0.30984,False,Hamstrings,3.04952,-0.71643,2.33554,1.37363
872,Atsuto,0.32227,-1.75456,0.12804,0.30468,True,Ear Lobe,-0.32439,3.15051,2.70613,0.28768
873,Jorg,-0.45805,-0.60162,-0.08848,0.22591,True,Ear Lobe,1.60429,0.84191,2.70613,0.28768
874,Bob,-4.92800,0.58383,0.34970,0.59106,True,Hamstrings,-0.79299,0.06710,-1.20687,-0.42406
875,Jorg,3.53303,0.95557,-0.03643,0.22887,False,Hamstrings,1.59098,-2.16420,-1.20687,-0.42406
876,Bob,1.28338,-0.08735,0.04372,0.33588,True,Ear Lobe,1.65036,-0.56744,-0.24999,2.56126
877,Atsuto,0.25257,-1.42257,-0.01566,0.52942,True,Ear Lobe,3.33184,-0.45446,1.83664,0.11361
878,Bob,-0.72710,-1.58433,0.36929,0.49954,True,Ear Lobe,0.65447,-0.20757,-1.74119,2.20079
879,Bob,0.37717,-0.51136,0.00217,0.15177,True,Ear Lobe,1.10095,-2.28387,-1.88676,0.96125
880,Bob,1.47462,1.80848,-0.02225,0.14545,False,Hamstrings,-2.00628,3.21767,-0.98326,0.69409
881,Atsuto,0.65310,-1.60533,0.07734,0.35232,True,Ear Lobe,4.50383,2.90083,-1.48015,1.39463
882,Jorg,-1.86388,1.10322,0.02526,0.43755,False,Hamstrings,3.87396,-0.55271,-1.48015,1.39463
883,Bob,-2.34625,1.45362,0.28512,0.26284,False,Hamstrings,-2.04101,2.47144,-1.05417,2.39643
884,Atsuto,-0.99809,2.08365,0.12467,0.23601,False,Hamstrings,1.80781,-2.49288,5.18939,1.90611
885,Atsuto,0.34389,-0.29284,0.15122,0.20053,True,Ear Lobe,-0.44223,2.72252,0.90644,0.82857
886,Bob,-1.93555,1.11344,0.03100,0.05970,False,Hamstrings,-0.88072,-0.70497,-2.19812,-1.34892
887,Atsuto,-1.30560,0.74648,0.20903,0.27489,False,Hamstrings,3.07765,0.22524,-2.48618,0.87347
888,Atsuto,1.57182,4.25037,0.08940,0.40210,False,Hamstrings,1.23571,1.31543,0.98173,0.21300
889,Atsuto,3.65412,0.96101,0.27614,0.24902,False,Hamstrings,-0.96943,1.52582,1.20694,1.05482
890,Jorg,-1.78111,-1.15656,0.12423,0.53784,True,Ear Lobe,5.48980,-2.77664,1.20694,1.05482
891,Bob,-3.34963,2.51159,0.15402,0.45813,False,Hamstrings,-0.08776,-1.83283,-1.01684,1.21545
892,Bob,-1.36890,-1.01009,0.28721,0.53667,True,Ear Lobe,1.09711,-0.12944,0.49818,-0.72584
893,Bob,-0.22734,-1.92499,0.13132,0.28077,True,Ear Lobe,-2.90627,2.01741,-2.00818,-0.24864
894,Jorg,-0.03768,2.17889,-0.13327,0.50081,False,Hamstrings,2.96698,-1.15508,-2.00818,-0.24864
895,Atsuto,-4.40092,1.95433,0.12842,1000000000000000000.12777,False,Hamstrings,9.11721,3.02146,1.98970,1.53014
896,Jorg,-1.22447,2.62022,0.19534,0.80685,False,Hamstrings,1.96566,-2.84611,1.98970,1.53014
897,Jorg,-0.28023,0.92299,-0.05472,0.41188,False,Hamstrings,-1.00066,0.37336,1.98970,1.53014
898,Atsuto,1.47882,0.92553,0.07333,0.21705,False,Hamstrings,2.85110,4.61012,4.51669,0.38245
899,Atsuto,-1.24317,0.86471,0.25387,0.33674,False,Hamstrings,0.98836,0.07583,4.58157,0.85335
900,Bob,-0.51513,-1.48905,0.05209,0.05156,True,Ear Lobe,-2.62524,1.94195,-0.09658,2.16483
901,Jorg,-1.32768,0.00586,-0.11674,0.54014,True,Tongue,0.91814,1.83701,-0.09658,2.16483
902,Bob,0.21224,-1.86091,0.27306,0.57896,True,Ear Lobe,0.31201,4.15538,-2.23569,-1.16251
903,Jorg,2.73566,-0.60641,0.25668,0.52775,True,Ear Lobe,3.12430,-0.23100,-2.23569,-1.16251
904,Jorg,-3.14391,-0.00542,0.15492,0.61625,True,Trapeziums,1.57311,-0.99347,-2.23569,-1.16251
905,Atsuto,-0.60467,0.33954,0.02811,0.57838,True,Hamstrings,-0.98889,0.89604,1.57384,0.26432
906,Bob,0.13762,-2.34923,0.25432,0.34596,True,Ear Lobe,0.03550,1.94878,-3.52681,1.17025
907,Bob,0.62601,1.07590,0.02512,0.29927,False,Hamstrings,-2.48074,1.57533,-3.17956,2.38708
908,Atsuto,-0.99170,2.25483,0.22149,0.31813,False,Hamstrings,-1.63807,-1.35419,-2.94547,2.83860
909,Jorg,-0.26777,0.09310,0.26557,0.64213,True,Hamstrings,-1.79416,-0.82339,-2.94547,2.83860
910,Atsuto,-3.00150,1.62494,0.23162,0.32348,False,Hamstrings,3.85987,4.22566,0.74052,0.80521
911,Jorg,-1.03409,1.69027,0.17226,0.79218,False,Hamstrings,6.79384,-3.04871,0.74052,0.80521
912,Bob,0.11786,-2.35257,0.05110,0.40347,True,Ear Lobe,-2.73617,3.62046,-1.13284,3.10898
913,Atsuto,3.46844,-1.91364,0.12859,0.31506,True,Ear Lobe,5.80611,-0.01334,5.21740,0.79938
914,Jorg,-0.88668,-2.37892,0.25786,0.49709,True,Ear Lobe,2.03558,-3.02392,5.21740,0.79938
915,Jorg,-2.88218,0.95461,0.32408,0.54211,False,Hamstrings,1.60870,0.76814,5.21740,0.79938
916,Bob,-1.24278,-3.54782,0.05135,0.04946,True,Ear Lobe,0.85019,-0.45125,-0.18552,0.52027
917,Atsuto,0.33588,0.20323,0.14912,0.49255,True,Glutes,3.95220,-0.05906,-3.33955,0.41695
918,Bob,2.47321,0.14868,0.01539,0.30107,True,Tongue,-1.53488,-0.04265,-2.40801,1.75471
919,Jorg,-1.14103,-0.52845,0.20248,0.52443,True,Ear Lobe,1.69343,0.00726,-2.40801,1.75471
920,Jorg,-1.02419,-0.27630,-0.07195,0.25185,True,Ear Lobe,1.44510,-1.30391,-2.40801,1.75471
921,Bob,-0.69069,0.25957,0.21339,0.34434,True,Glutes,2.76756,3.46949,-2.21968,1.74687
922,Jorg,-1.49058,-0.73059,0.02032,0.39613,True,Ear Lobe,2.30288,-0.29047,-2.21968,1.74687
923,Bob,-1.37217,1.17869,0.22967,0.41379,False,Hamstrings,3.41756,1.22380,-1.63356,-0.56250
924,Atsuto,-0.93559,0.22376,0.06005,0.56466,True,Glutes,1.38413,2.96966,1.58492,0.96545
925,Atsuto,0.63238,3.87868,0.10349,0.52180,False,Hamstrings,2.67155,2.66775,-2.34512,1.01893
926,Atsuto,-1.07514,-0.12330,0.17652,0.36780,True,Tongue,3.08264,2.00422,2.93186,1.87727
927,Atsuto,-1.98056,-0.47892,0.21065,0.39532,True,Ear Lobe,0.72183,5.24105,2.33619,-0.35719
928,Jorg,1.36252,-3.15385,0.22539,0.73850,True,Ear Lobe,2.75306,1.03117,2.33619,-0.35719
929,Atsuto,2.17357,-0.25663,0.19025,0.20766,True,Ear Lobe,2.79370,3.71685,1.13575,0.35788
930,Jorg,1.31401,-1.23360,-0.03785,0.60712,True,Ear Lobe,2.17075,1.13575,0.35788
931,Atsuto,-2.87474,-1.83463,0.13191,0.13139,True,Ear Lobe,0.98577,1.73989,2.26413,0.24952
932,Jorg,0.37520,3.41658,0.04100,0.62881,False,Hamstrings,3.57378,-0.07263,2.26413,0.24952
933,Bob,3.56732,-0.02968,0.15419,0.26640,True,Ear Lobe,0.44903,7.08104,-2.57582,1.29093
934,Bob,-1.39190,1.86993,0.35108,0.53630,False,Hamstrings,-0.63491,2.42727,-1.24164,2.04167
935,Bob,1.03249,-1.77683,0.23970,0.33039,True,Ear Lobe,-0.91842,0.27465,-2.61629,-0.65978
936,Bob,1.88036,-3.07875,-0.04066,0.22338,True,Ear Lobe,0.41816,1.73023,-1.66591,-0.51352
937,Atsuto,3.02684,-4.06172,0.12317,0.15274,True,Ear Lobe,-0.74357,2.42970,-1.43607,-0.27165
938,Jorg,-0.51393,1.59604,0.16700,0.78650,False,Hamstrings,1.30997,1.44469,-1.43607,-0.27165
939,Bob,1.99038,-0.16773,0.20216,0.30995,True,Ear Lobe,2.19263,2.40593,-3.37483,0.14799
940,Bob,-1.23135,0.98998,0.35324,0.45225,False,Hamstrings,-2.95225,5.10711,-2.07739,0.29707
941,Bob,-0.13694,0.65594,0.07534,0.42793,False,Hamstrings,-2.57077,2.30344,-1.31051,0.64774
942,Bob,0.34546,2.77939,0.05222,0.06947,False,Hamstrings,3.07735,1.18497,-2.11648,-1.68914
943,Atsuto,-0.49838,0.46932,0.17739,0.25026,False,Glutes,1.92261,2.89586,-0.40115,-0.34499
944,Jorg,-1.60148,-2.35433,-0.04945,0.33945,True,Ear Lobe,3.06115,-2.13080,-0.40115,-0.34499
945,Bob,-0.00044,-0.51460,0.03130,0.19624,True,Ear Lobe,4.82203,1.58614,-1.11073,1.22707
946,Jorg,3.34851,0.85733,-0.07770,0.24410,False,Hamstrings,2.81889,-2.04354,-1.11073,1.22707
947,Bob,-1.22956,-0.95129,0.08121,0.36030,True,Ear Lobe,0.95334,2.82134,-0.71647,1.58707
948,Jorg,-0.69069,-0.71508,-0.14700,0.31852,True,Ear Lobe,0.40644,0.34659,-0.71647,1.58707
949,Jorg,0.32551,-4.95592,0.17318,0.73059,True,Ear Lobe,-0.60666,1.78826,-0.71647,1.58707
950,Jorg,1.31425,3.29029,0.14384,0.57444,False,Hamstrings,3.31643,-0.87680,-0.71647,1.58707
951,Bob,3.96917,2.73222,0.20288,0.31514,False,Hamstrings,2.58549,6.04267,-2.20474,1.57041
952,Atsuto,1.48692,-1.64829,0.18246,0.42067,True,Ear Lobe,0.09549,-0.55515,-0.20288,0.83115
953,Atsuto,1.06212,1.89669,0.05641,0.55502,False,Hamstrings,5.95521,-1.73562,1.49908,-0.38672
954,Atsuto,-0.05358,4.79567,0.04888,0.33633,False,Hamstrings,1.16565,2.05174,2.65318,-0.85535
955,Bob,0.61038,-1.97888,-0.01454,0.27903,True,Ear Lobe,-0.05264,-0.13685,-2.09984,1.17317
956,Atsuto,-2.37881,-1.34930,0.16784,0.15210,True,Ear Lobe,-0.46612,-0.60821,1.74225,3.57075
957,Jorg,-0.75381,-2.50894,0.27538,0.61055,True,Ear Lobe,6.70173,-1.53369,1.74225,3.57075
958,Jorg,-2.82088,1.81643,-0.13462,0.49009,False,Hamstrings,2.33623,0.36920,1.74225,3.57075
959,Atsuto,-2.03623,1.21050,0.08148,0.25152,False,Hamstrings,5.05706,0.66462,-1.69099,1.13480
960,Atsuto,1.22516,0.30713,-0.01263,0.38845,True,Deltoids,1.39712,0.60198,3.93830,0.24073
961,Jorg,-1.27591,-1.06879,0.07236,0.36172,True,Ear Lobe,1.83510,0.02442,3.93830,0.24073
962,Bob,-0.52679,1.82975,0.26642,0.33327,False,Hamstrings,1.00181,2.58792,-2.95546,-0.83439
963,Bob,0.08642,-2.64090,-0.08288,0.16698,True,Ear Lobe,-0.58200,5.35267,0.17056,1.19777
964,Jorg,-0.52189,-0.11008,0.02901,0.50521,True,Tongue,1.08742,1.22029,0.17056,1.19777
965,Atsuto,-3.66274,1.69738,0.19864,0.20259,False,Hamstrings,3.71245,3.07820,3.55759,1.04108
966,Bob,-0.04974,-0.99772,0.21473,0.41280,True,Ear Lobe,-1.61836,-2.65088,-1.02444,-0.97178
967,Bob,1.68218,-6.02878,0.14097,0.28074,True,Ear Lobe,1.20494,-0.17477,-2.88704,0.16512
968,Jorg,0.25014,-1.38291,0.25493,0.43731,True,Ear Lobe,1.45794,-1.25325,-2.88704,0.16512
969,Atsuto,-2.05355,2.21089,0.09333,0.48884,False,Hamstrings,2.82013,1.32014,2.18176,1.25338
970,Bob,2.25463,-0.17783,-0.03555,0.32648,True,Ear Lobe,5.26984,-1.41371,0.82489,1.83714
971,Bob,-4.84077,0.94646,0.25552,0.43306,False,Hamstrings,-1.95339,0.98439,-2.20472,1.02703
972,Jorg,3.82720,2.51194,-0.04155,0.53243,False,Hamstrings,3.74614,0.55321,-2.20472,1.02703
973,Atsuto,-0.62473,0.04846,0.12937,0.41516,True,Pectorials,3.08968,2.10015,0.59771,1.79175
974,Bob,-2.10933,1.76761,0.13739,0.24011,False,Hamstrings,0.84686,0.95386,-2.15471,1.54022
975,Atsuto,0.76050,0.06566,0.13070,0.38295,True,Pectorials,1.97586,6.29391,0.97142,0.31801
976,Atsuto,3.46712,-1.97124,0.01506,0.62967,True,Ear Lobe,0.96927,4.20264,-0.54055,0.67103
977,Atsuto,-0.14110,-2.46450,0.18012,0.20900,True,Ear Lobe,0.42638,-0.32478,2.23314,3.02439
978,Atsuto,3.00193,-3.40531,0.06683,0.24918,True,Ear Lobe,1.53897,2.61243,3.19996,0.81036
979,Bob,-2.62860,1.64242,0.38492,0.50076,False,Hamstrings,-1.15749,1.93037,-2.06925,0.49809
980,Bob,0.83927,-2.15732,0.24930,0.38085,True,Ear Lobe,0.87293,1.62443,-1.45454,2.44859
981,Jorg,-1.10042,0.70309,0.33959,0.60538,False,Hamstrings,4.13987,-2.69183,-1.45454,2.44859
982,Atsuto,1.66463,1.05144,-0.02140,0.51075,False,Hamstrings,4.02811,-0.24091,0.36023,0.60204
983,Jorg,-1.42634,-1.30994,0.07098,0.30712,True,Ear Lobe,3.87999,-1.55827,0.36023,0.60204
984,Atsuto,4.23210,-0.71389,0.05529,0.42495,True,Ear Lobe,3.06398,2.03659,-3.19407,2.63650
985,Atsuto,0.42548,-0.39768,-0.01964,0.57190,True,Ear Lobe,1.96153,1.14100,1.77401,2.61608
986,Atsuto,2.34810,-3.36204,-0.00044,0.40140,True,Ear Lobe,-0.21719,0.24018,0.07124,1.30026
987,Jorg,-0.70963,1.38672,0.03195,0.33696,False,Hamstrings,2.11378,-1.08250,0.07124,1.30026
988,Atsuto,3.78969,0.53199,0.16287,0.25013,False,Hamstrings,4.40983,1.07924,2.21497,0.80975
989,Bob,-0.17143,-0.74148,0.14603,0.17331,True,Ear Lobe,2.56926,-0.00750,-2.93708,0.98154
990,Jorg,0.77647,-0.68394,0.13052,0.60504,True,Ear Lobe,-0.37617,-1.03923,-2.93708,0.98154
991,Jorg,-0.02520,2.13939,-0.14946,0.46125,False,Hamstrings,4.00903,3.52558,-2.93708,0.98154
992,Atsuto,-1.87975,-1.69011,0.22491,0.21825,True,Ear Lobe,4.24641,1.12047,-0.04435,-1.80090
993,Jorg,-2.81042,2.59190,0.10432,0.41845,False,Hamstrings,3.13098,-1.47991,-0.04435,-1.80090
994,Atsuto,0.72979,2.96217,0.17500,0.24899,False,Hamstrings,3.41467,2.17365,-1.32747,0.93733
995,Jorg,-0.08107,0.00660,0.02514,0.67106,True,Trapeziums,-0.54663,2.47980,-1.32747,0.93733
996,Jorg,1.26520,-4.04554,-0.08851,0.53239,True,Ear Lobe,2.08280,-0.63782,-1.32747,0.93733
997,Atsuto,-0.42275,1.52939,0.04945,0.25003,False,Hamstrings,6.33799,-0.88519,2.87332,2.32270
998,Atsuto,-1.60099,3.48452,0.02171,0.34496,False,Hamstrings,4.09591,2.51469,1.10928,-0.29780
999,Atsuto,0.84984,-1.31563,0.12007,0.11287,True,Ear Lobe,0.53345,3.87601,3.16010,0.42737
